Product Name,Category,Material,Year,Month,Day,Total Emissions (kgCO2e)
Slip-On Sneakers,Shoes,Canvas,2020,10,2,558.6
Running Shoes,Shoes,Synthetic,2020,5,9,152.0
Tank Top,T-shirt,Cotton,2022,10,11,109.8
Knitted Sweater,Sweater,Wool,2023,8,27,162.0
Formal Shirt,Shirt,Cotton,2020,7,11,15.6
Knitted Sweater,Sweater,Wool,2024,9,7,336.0
Basic T-shirt,T-shirt,Cotton,2023,5,29,189.0
Running Shoes,Shoes,Synthetic,2022,7,1,883.5
Chino Pants,Pants,Cotton,2024,6,30,357.2
Summer Dress,Dress,Linen,2020,7,28,13.2
Basic T-shirt,T-shirt,Cotton,2020,2,15,176.4
Basic T-shirt,T-shirt,Cotton,2023,1,13,102.9
Printed T-shirt,T-shirt,Organic Cotton,2023,11,6,104.5
Basic T-shirt,T-shirt,Cotton,2024,1,26,142.8
Tank Top,T-shirt,Cotton,2021,3,30,115.2
Chino Pants,Pants,Cotton,2023,2,6,211.5
Chino Pants,Pants,Cotton,2021,4,17,460.6
Leather Boots,Shoes,Leather,2022,7,30,33.0
Zip Hoodie,Sweatshirt,Cotton,2022,5,2,373.5
Denim Jacket,Jacket,Denim,2020,7,23,631.8
Leather Boots,Shoes,Leather,2024,1,22,176.0
Summer Dress,Dress,Linen,2024,3,1,306.9
Tracksuit Pants,Pants,Polyester,2023,12,27,346.5
Printed T-shirt,T-shirt,Organic Cotton,2022,11,5,74.1
Slip-On Sneakers,Shoes,Canvas,2021,8,4,364.8
Tracksuit Pants,Pants,Polyester,2024,9,29,321.3
Slim Fit Jeans,Jeans,Denim,2023,4,21,403.0
Knitted Sweater,Sweater,Wool,2021,5,12,324.0
Denim Jacket,Jacket,Denim,2023,9,23,366.6
Winter Coat,Jacket,Wool,2023,1,28,122.4
Tracksuit Pants,Pants,Polyester,2022,6,17,88.2
Denim Jacket,Jacket,Denim,2024,5,13,522.6
Knitted Sweater,Sweater,Wool,2024,9,16,288.0
Basic T-shirt,T-shirt,Cotton,2022,9,29,128.1
Leather Boots,Shoes,Leather,2020,3,30,1001.0
Shorts,Shorts,Denim,2024,10,3,266.0
Knitted Sweater,Sweater,Wool,2023,3,30,498.0
Denim Jacket,Jacket,Denim,2020,12,14,507.0
Basic T-shirt,T-shirt,Cotton,2021,4,9,207.9
Zip Hoodie,Sweatshirt,Cotton,2021,2,12,319.5
Knitted Sweater,Sweater,Wool,2021,4,20,396.0
Slip-On Sneakers,Shoes,Canvas,2021,12,5,262.2
Running Shoes,Shoes,Synthetic,2022,7,29,807.5
Shorts,Shorts,Denim,2023,1,27,329.0
Knitted Sweater,Sweater,Wool,2020,1,12,570.0
Cargo Pants,Pants,Cotton,2022,11,15,341.7
Zip Hoodie,Sweatshirt,Cotton,2024,5,11,121.5
Slim Fit Jeans,Jeans,Denim,2022,5,22,403.0
Winter Coat,Jacket,Wool,2024,11,16,744.6
Printed T-shirt,T-shirt,Organic Cotton,2023,2,9,123.5
Formal Shirt,Shirt,Cotton,2022,4,26,179.4
Winter Coat,Jacket,Wool,2022,4,28,10.2
Zip Hoodie,Sweatshirt,Cotton,2023,1,7,360.0
Shorts,Shorts,Denim,2024,5,29,150.5
Shorts,Shorts,Denim,2022,7,27,14.0
Chino Pants,Pants,Cotton,2024,7,5,385.4
Zip Hoodie,Sweatshirt,Cotton,2020,12,28,337.5
Oversized Hoodie,Sweatshirt,Cotton,2021,1,5,298.2
Running Shoes,Shoes,Synthetic,2024,6,20,47.5
Oversized Hoodie,Sweatshirt,Cotton,2024,9,19,46.2
Basic T-shirt,T-shirt,Cotton,2024,11,12,121.8
Running Shoes,Shoes,Synthetic,2020,1,30,304.0
Light Jacket,Jacket,Polyester,2021,7,4,712.0
Winter Coat,Jacket,Wool,2021,1,13,387.6
Denim Jacket,Jacket,Denim,2020,5,22,163.8
Tracksuit Pants,Pants,Polyester,2021,6,6,138.6
Running Shoes,Shoes,Synthetic,2023,9,6,788.5
Leather Boots,Shoes,Leather,2023,12,28,649.0
Summer Dress,Dress,Linen,2023,12,9,211.2
Light Jacket,Jacket,Polyester,2022,8,28,35.6
Knitted Sweater,Sweater,Wool,2021,9,30,264.0
Printed T-shirt,T-shirt,Organic Cotton,2022,5,12,64.6
Running Shoes,Shoes,Synthetic,2020,8,10,893.0
Printed T-shirt,T-shirt,Organic Cotton,2022,11,10,148.2
Basic T-shirt,T-shirt,Cotton,2022,6,3,60.9
Knitted Sweater,Sweater,Wool,2020,2,6,114.0
Denim Jacket,Jacket,Denim,2020,3,13,452.4
Tracksuit Pants,Pants,Polyester,2023,12,14,548.1
Zip Hoodie,Sweatshirt,Cotton,2022,5,23,130.5
Tracksuit Pants,Pants,Polyester,2023,7,15,365.4
Tracksuit Pants,Pants,Polyester,2021,4,2,529.2
Knitted Sweater,Sweater,Wool,2020,3,3,522.0
Summer Dress,Dress,Linen,2023,3,25,280.5
Raincoat,Jacket,Polyester,2023,7,16,59.2
Leather Boots,Shoes,Leather,2024,2,19,187.0
Slim Fit Jeans,Jeans,Denim,2021,3,10,260.0
Oversized Hoodie,Sweatshirt,Cotton,2020,5,24,168.0
Denim Jacket,Jacket,Denim,2021,9,2,421.2
Running Shoes,Shoes,Synthetic,2023,3,2,161.5
Zip Hoodie,Sweatshirt,Cotton,2020,1,18,22.5
Printed T-shirt,T-shirt,Organic Cotton,2023,4,24,138.7
Denim Jacket,Jacket,Denim,2022,8,1,780.0
Shorts,Shorts,Denim,2023,12,12,231.0
Knitted Sweater,Sweater,Wool,2020,3,17,156.0
Light Jacket,Jacket,Polyester,2021,12,11,240.3
Raincoat,Jacket,Polyester,2023,3,20,562.4
Formal Shirt,Shirt,Cotton,2021,2,1,54.6
Knitted Sweater,Sweater,Wool,2023,9,25,228.0
Formal Shirt,Shirt,Cotton,2022,10,29,11.7
Shorts,Shorts,Denim,2021,10,28,182.0
Basic T-shirt,T-shirt,Cotton,2021,7,30,44.1
Summer Dress,Dress,Linen,2021,2,15,240.9
Cargo Pants,Pants,Cotton,2024,5,21,224.4
Printed T-shirt,T-shirt,Organic Cotton,2022,5,29,66.5
Light Jacket,Jacket,Polyester,2023,10,13,436.1
Winter Coat,Jacket,Wool,2023,1,26,897.6
Formal Shirt,Shirt,Cotton,2022,12,30,386.1
Chino Pants,Pants,Cotton,2022,12,26,42.3
Slim Fit Jeans,Jeans,Denim,2024,1,25,71.5
Denim Jacket,Jacket,Denim,2020,9,29,171.6
Printed T-shirt,T-shirt,Organic Cotton,2023,1,7,66.5
Summer Dress,Dress,Linen,2024,4,3,254.1
Running Shoes,Shoes,Synthetic,2022,11,2,456.0
Summer Dress,Dress,Linen,2021,11,24,49.5
Chino Pants,Pants,Cotton,2021,8,19,366.6
Formal Shirt,Shirt,Cotton,2024,5,15,70.2
Zip Hoodie,Sweatshirt,Cotton,2023,4,2,445.5
Summer Dress,Dress,Linen,2020,8,1,19.8
Oversized Hoodie,Sweatshirt,Cotton,2022,4,12,205.8
Cargo Pants,Pants,Cotton,2024,11,8,86.7
Light Jacket,Jacket,Polyester,2021,11,29,703.1
Knitted Sweater,Sweater,Wool,2023,4,18,60.0
Zip Hoodie,Sweatshirt,Cotton,2023,3,14,130.5
Oversized Hoodie,Sweatshirt,Cotton,2023,3,5,147.0
Leather Boots,Shoes,Leather,2022,1,17,803.0
Light Jacket,Jacket,Polyester,2022,12,30,525.1
Light Jacket,Jacket,Polyester,2021,7,21,53.4
Leather Boots,Shoes,Leather,2024,8,22,22.0
Basic T-shirt,T-shirt,Cotton,2023,6,10,25.2
Light Jacket,Jacket,Polyester,2022,4,26,53.4
Chino Pants,Pants,Cotton,2021,1,19,357.2
Denim Jacket,Jacket,Denim,2022,5,12,117.0
Denim Jacket,Jacket,Denim,2022,7,12,686.4
Denim Jacket,Jacket,Denim,2021,5,9,748.8
Light Jacket,Jacket,Polyester,2024,9,26,498.4
Zip Hoodie,Sweatshirt,Cotton,2022,2,13,171.0
Running Shoes,Shoes,Synthetic,2023,1,31,874.0
Summer Dress,Dress,Linen,2022,9,3,42.9
Summer Dress,Dress,Linen,2021,3,1,19.8
Basic T-shirt,T-shirt,Cotton,2020,2,25,79.8
Shorts,Shorts,Denim,2024,1,27,143.5
Knitted Sweater,Sweater,Wool,2022,7,10,246.0
Oversized Hoodie,Sweatshirt,Cotton,2022,3,27,37.8
Shorts,Shorts,Denim,2021,10,11,206.5
Running Shoes,Shoes,Synthetic,2020,8,16,266.0
Shorts,Shorts,Denim,2024,5,26,350.0
Zip Hoodie,Sweatshirt,Cotton,2024,12,30,400.5
Winter Coat,Jacket,Wool,2022,8,18,346.8
Zip Hoodie,Sweatshirt,Cotton,2021,1,10,121.5
Printed T-shirt,T-shirt,Organic Cotton,2021,9,21,60.8
Oversized Hoodie,Sweatshirt,Cotton,2022,1,8,151.2
Tank Top,T-shirt,Cotton,2020,7,2,21.6
Slip-On Sneakers,Shoes,Canvas,2023,8,28,473.1
Chino Pants,Pants,Cotton,2021,11,25,235.0
Slim Fit Jeans,Jeans,Denim,2021,9,20,273.0
Summer Dress,Dress,Linen,2021,1,17,247.5
Chino Pants,Pants,Cotton,2021,9,12,202.1
Zip Hoodie,Sweatshirt,Cotton,2020,7,25,355.5
Shorts,Shorts,Denim,2023,3,31,42.0
Chino Pants,Pants,Cotton,2021,5,16,14.1
Chino Pants,Pants,Cotton,2024,7,13,244.4
Running Shoes,Shoes,Synthetic,2020,5,28,674.5
Oversized Hoodie,Sweatshirt,Cotton,2024,11,11,394.8
Basic T-shirt,T-shirt,Cotton,2020,6,2,172.2
Leather Boots,Shoes,Leather,2020,1,21,1067.0
Winter Coat,Jacket,Wool,2024,6,10,652.8
Cargo Pants,Pants,Cotton,2022,8,18,66.3
Summer Dress,Dress,Linen,2022,10,23,33.0
Denim Jacket,Jacket,Denim,2022,11,8,179.4
Cargo Pants,Pants,Cotton,2024,5,8,96.9
Summer Dress,Dress,Linen,2024,8,9,132.0
Tracksuit Pants,Pants,Polyester,2020,8,6,491.4
Cargo Pants,Pants,Cotton,2021,8,24,137.7
Zip Hoodie,Sweatshirt,Cotton,2020,10,17,418.5
Summer Dress,Dress,Linen,2020,3,6,264.0
Zip Hoodie,Sweatshirt,Cotton,2024,7,4,432.0
Printed T-shirt,T-shirt,Organic Cotton,2023,11,13,43.7
Raincoat,Jacket,Polyester,2021,9,4,510.6
Slim Fit Jeans,Jeans,Denim,2020,11,19,598.0
Chino Pants,Pants,Cotton,2024,10,31,155.1
Oversized Hoodie,Sweatshirt,Cotton,2024,5,11,369.6
Raincoat,Jacket,Polyester,2022,7,3,525.4
Zip Hoodie,Sweatshirt,Cotton,2021,5,27,256.5
Zip Hoodie,Sweatshirt,Cotton,2024,10,9,265.5
Knitted Sweater,Sweater,Wool,2020,1,23,264.0
Running Shoes,Shoes,Synthetic,2020,12,17,598.5
Raincoat,Jacket,Polyester,2020,2,19,547.6
Slim Fit Jeans,Jeans,Denim,2020,2,8,578.5
Slip-On Sneakers,Shoes,Canvas,2021,12,27,102.6
Cargo Pants,Pants,Cotton,2023,4,30,91.8
Running Shoes,Shoes,Synthetic,2021,6,14,484.5
Knitted Sweater,Sweater,Wool,2023,3,1,138.0
Oversized Hoodie,Sweatshirt,Cotton,2023,6,8,126.0
Basic T-shirt,T-shirt,Cotton,2022,9,22,48.3
Summer Dress,Dress,Linen,2022,12,18,214.5
Tank Top,T-shirt,Cotton,2023,8,21,158.4
Chino Pants,Pants,Cotton,2023,8,1,145.7
Formal Shirt,Shirt,Cotton,2021,10,2,343.2
Chino Pants,Pants,Cotton,2022,9,7,432.4
Summer Dress,Dress,Linen,2022,4,24,237.6
Running Shoes,Shoes,Synthetic,2023,6,5,788.5
Slim Fit Jeans,Jeans,Denim,2021,3,25,65.0
Tracksuit Pants,Pants,Polyester,2024,4,12,522.9
Winter Coat,Jacket,Wool,2024,12,1,214.2
Printed T-shirt,T-shirt,Organic Cotton,2022,11,13,76.0
Leather Boots,Shoes,Leather,2021,9,3,781.0
Denim Jacket,Jacket,Denim,2022,1,31,702.0
Tank Top,T-shirt,Cotton,2023,12,7,138.6
Light Jacket,Jacket,Polyester,2020,6,23,694.2
Slip-On Sneakers,Shoes,Canvas,2022,11,18,279.3
Cargo Pants,Pants,Cotton,2020,12,27,168.3
Printed T-shirt,T-shirt,Organic Cotton,2022,5,23,138.7
Slim Fit Jeans,Jeans,Denim,2024,1,13,416.0
Knitted Sweater,Sweater,Wool,2023,10,27,552.0
Winter Coat,Jacket,Wool,2023,7,28,510.0
Denim Jacket,Jacket,Denim,2022,11,20,546.0
Slim Fit Jeans,Jeans,Denim,2024,2,3,442.0
Running Shoes,Shoes,Synthetic,2020,7,4,769.5
Running Shoes,Shoes,Synthetic,2020,7,25,902.5
Cargo Pants,Pants,Cotton,2020,6,20,510.0
Oversized Hoodie,Sweatshirt,Cotton,2023,6,17,239.4
Chino Pants,Pants,Cotton,2024,10,8,230.3
Raincoat,Jacket,Polyester,2024,7,1,377.4
Summer Dress,Dress,Linen,2020,12,3,188.1
Shorts,Shorts,Denim,2020,9,15,220.5
Light Jacket,Jacket,Polyester,2021,3,10,498.4
Zip Hoodie,Sweatshirt,Cotton,2023,5,15,238.5
Leather Boots,Shoes,Leather,2020,8,29,396.0
Knitted Sweater,Sweater,Wool,2021,5,23,576.0
Basic T-shirt,T-shirt,Cotton,2023,2,19,52.5
Tank Top,T-shirt,Cotton,2022,12,18,135.0
Basic T-shirt,T-shirt,Cotton,2020,2,13,170.1
Chino Pants,Pants,Cotton,2023,5,25,159.8
Denim Jacket,Jacket,Denim,2021,2,27,288.6
Zip Hoodie,Sweatshirt,Cotton,2020,10,30,117.0
Leather Boots,Shoes,Leather,2021,7,13,825.0
Running Shoes,Shoes,Synthetic,2024,3,31,836.0
Denim Jacket,Jacket,Denim,2022,7,3,546.0
Formal Shirt,Shirt,Cotton,2022,1,1,210.6
Light Jacket,Jacket,Polyester,2024,10,18,881.1
Slip-On Sneakers,Shoes,Canvas,2021,3,3,285.0
Leather Boots,Shoes,Leather,2021,2,23,154.0
Basic T-shirt,T-shirt,Cotton,2024,7,11,33.6
Basic T-shirt,T-shirt,Cotton,2023,3,11,147.0
Cargo Pants,Pants,Cotton,2021,8,30,51.0
Winter Coat,Jacket,Wool,2022,10,21,754.8
Leather Boots,Shoes,Leather,2024,7,7,616.0
Winter Coat,Jacket,Wool,2022,10,27,999.6
Summer Dress,Dress,Linen,2022,12,18,3.3
Tank Top,T-shirt,Cotton,2020,9,10,165.6
Winter Coat,Jacket,Wool,2022,7,9,408.0
Knitted Sweater,Sweater,Wool,2023,1,9,264.0
Slip-On Sneakers,Shoes,Canvas,2024,5,22,364.8
Knitted Sweater,Sweater,Wool,2020,8,19,294.0
Zip Hoodie,Sweatshirt,Cotton,2021,2,21,4.5
Shorts,Shorts,Denim,2021,7,22,325.5
Tracksuit Pants,Pants,Polyester,2024,12,10,163.8
Shorts,Shorts,Denim,2022,8,3,234.5
Leather Boots,Shoes,Leather,2022,4,17,990.0
Tank Top,T-shirt,Cotton,2020,12,14,144.0
Tracksuit Pants,Pants,Polyester,2023,10,1,163.8
Tracksuit Pants,Pants,Polyester,2022,1,6,6.3
Knitted Sweater,Sweater,Wool,2023,10,21,450.0
Knitted Sweater,Sweater,Wool,2022,5,22,264.0
Shorts,Shorts,Denim,2024,10,29,262.5
Oversized Hoodie,Sweatshirt,Cotton,2024,2,11,268.8
Chino Pants,Pants,Cotton,2024,3,7,385.4
Leather Boots,Shoes,Leather,2023,8,21,891.0
Raincoat,Jacket,Polyester,2020,2,12,688.2
Cargo Pants,Pants,Cotton,2023,7,12,418.2
Knitted Sweater,Sweater,Wool,2024,5,14,210.0
Denim Jacket,Jacket,Denim,2024,9,29,772.2
Shorts,Shorts,Denim,2020,5,30,7.0
Running Shoes,Shoes,Synthetic,2021,12,16,864.5
Zip Hoodie,Sweatshirt,Cotton,2022,4,22,175.5
Tank Top,T-shirt,Cotton,2020,11,7,61.2
Denim Jacket,Jacket,Denim,2022,9,19,468.0
Slim Fit Jeans,Jeans,Denim,2022,11,11,227.5
Light Jacket,Jacket,Polyester,2022,11,11,854.4
Raincoat,Jacket,Polyester,2023,4,24,66.6
Oversized Hoodie,Sweatshirt,Cotton,2021,12,28,357.0
Basic T-shirt,T-shirt,Cotton,2022,6,25,46.2
Denim Jacket,Jacket,Denim,2022,11,4,694.2
Knitted Sweater,Sweater,Wool,2020,7,9,492.0
Running Shoes,Shoes,Synthetic,2023,11,11,741.0
Printed T-shirt,T-shirt,Organic Cotton,2021,9,15,129.2
Chino Pants,Pants,Cotton,2021,3,1,202.1
Oversized Hoodie,Sweatshirt,Cotton,2021,7,5,42.0
Tracksuit Pants,Pants,Polyester,2023,12,2,535.5
Tank Top,T-shirt,Cotton,2022,1,24,118.8
Slim Fit Jeans,Jeans,Denim,2023,2,16,143.0
Zip Hoodie,Sweatshirt,Cotton,2021,8,31,157.5
Shorts,Shorts,Denim,2021,12,29,332.5
Knitted Sweater,Sweater,Wool,2021,4,20,432.0
Denim Jacket,Jacket,Denim,2022,3,29,483.6
Running Shoes,Shoes,Synthetic,2024,6,5,750.5
Chino Pants,Pants,Cotton,2021,11,6,159.8
Chino Pants,Pants,Cotton,2023,6,3,399.5
Shorts,Shorts,Denim,2020,3,3,182.0
Raincoat,Jacket,Polyester,2021,10,10,725.2
Running Shoes,Shoes,Synthetic,2021,5,23,237.5
Denim Jacket,Jacket,Denim,2020,5,28,585.0
Slip-On Sneakers,Shoes,Canvas,2022,6,27,535.8
Shorts,Shorts,Denim,2020,10,30,119.0
Tracksuit Pants,Pants,Polyester,2022,7,29,132.3
Cargo Pants,Pants,Cotton,2020,10,10,469.2
Winter Coat,Jacket,Wool,2022,6,21,408.0
Knitted Sweater,Sweater,Wool,2024,3,18,186.0
Printed T-shirt,T-shirt,Organic Cotton,2020,8,25,174.8
Leather Boots,Shoes,Leather,2023,10,27,99.0
Chino Pants,Pants,Cotton,2020,8,5,239.7
Formal Shirt,Shirt,Cotton,2021,10,20,50.7
Slim Fit Jeans,Jeans,Denim,2021,1,17,52.0
Shorts,Shorts,Denim,2024,7,15,10.5
Printed T-shirt,T-shirt,Organic Cotton,2024,12,25,167.2
Formal Shirt,Shirt,Cotton,2020,3,12,354.9
Shorts,Shorts,Denim,2022,12,18,199.5
Running Shoes,Shoes,Synthetic,2021,12,2,152.0
Denim Jacket,Jacket,Denim,2023,6,9,101.4
Knitted Sweater,Sweater,Wool,2021,3,30,180.0
Tank Top,T-shirt,Cotton,2022,10,10,88.2
Denim Jacket,Jacket,Denim,2024,3,17,234.0
Leather Boots,Shoes,Leather,2021,4,27,660.0
Slip-On Sneakers,Shoes,Canvas,2023,1,25,285.0
Tank Top,T-shirt,Cotton,2021,3,9,165.6
Summer Dress,Dress,Linen,2021,6,12,211.2
Light Jacket,Jacket,Polyester,2023,4,30,249.2
Slim Fit Jeans,Jeans,Denim,2020,6,10,13.0
Basic T-shirt,T-shirt,Cotton,2024,6,21,130.2
Knitted Sweater,Sweater,Wool,2021,10,16,450.0
Printed T-shirt,T-shirt,Organic Cotton,2021,8,11,98.8
Cargo Pants,Pants,Cotton,2020,11,23,20.4
Knitted Sweater,Sweater,Wool,2020,2,1,114.0
Zip Hoodie,Sweatshirt,Cotton,2024,11,29,36.0
Knitted Sweater,Sweater,Wool,2023,3,2,198.0
Oversized Hoodie,Sweatshirt,Cotton,2020,9,23,252.0
Leather Boots,Shoes,Leather,2023,8,28,22.0
Zip Hoodie,Sweatshirt,Cotton,2020,3,13,36.0
Cargo Pants,Pants,Cotton,2022,12,11,30.6
Light Jacket,Jacket,Polyester,2021,7,14,498.4
Printed T-shirt,T-shirt,Organic Cotton,2020,7,5,7.6
Cargo Pants,Pants,Cotton,2022,10,20,489.6
Printed T-shirt,T-shirt,Organic Cotton,2021,7,25,161.5
Knitted Sweater,Sweater,Wool,2022,7,5,258.0
Running Shoes,Shoes,Synthetic,2023,7,16,323.0
Chino Pants,Pants,Cotton,2023,8,7,150.4
Slip-On Sneakers,Shoes,Canvas,2020,5,3,433.2
Winter Coat,Jacket,Wool,2020,12,24,561.0
Zip Hoodie,Sweatshirt,Cotton,2023,5,24,369.0
Slim Fit Jeans,Jeans,Denim,2022,12,5,299.0
Raincoat,Jacket,Polyester,2023,1,25,510.6
Zip Hoodie,Sweatshirt,Cotton,2021,2,12,247.5
Oversized Hoodie,Sweatshirt,Cotton,2023,9,18,386.4
Shorts,Shorts,Denim,2021,7,1,325.5
Oversized Hoodie,Sweatshirt,Cotton,2024,3,20,138.6
Light Jacket,Jacket,Polyester,2020,12,29,178.0
Printed T-shirt,T-shirt,Organic Cotton,2020,4,30,104.5
Slim Fit Jeans,Jeans,Denim,2024,10,11,45.5
Oversized Hoodie,Sweatshirt,Cotton,2023,7,28,277.2
Tracksuit Pants,Pants,Polyester,2022,8,18,302.4
Summer Dress,Dress,Linen,2020,7,22,19.8
Zip Hoodie,Sweatshirt,Cotton,2020,9,16,22.5
Cargo Pants,Pants,Cotton,2022,6,26,260.1
Tank Top,T-shirt,Cotton,2024,4,12,7.2
Tracksuit Pants,Pants,Polyester,2024,2,17,220.5
Running Shoes,Shoes,Synthetic,2020,7,4,399.0
Leather Boots,Shoes,Leather,2020,6,24,55.0
Knitted Sweater,Sweater,Wool,2024,10,26,48.0
Running Shoes,Shoes,Synthetic,2024,2,9,389.5
Cargo Pants,Pants,Cotton,2024,2,14,173.4
Knitted Sweater,Sweater,Wool,2024,6,15,90.0
Leather Boots,Shoes,Leather,2024,10,18,143.0
Chino Pants,Pants,Cotton,2022,5,20,305.5
Printed T-shirt,T-shirt,Organic Cotton,2023,2,15,81.7
Tracksuit Pants,Pants,Polyester,2021,11,24,321.3
Formal Shirt,Shirt,Cotton,2023,4,11,54.6
Tank Top,T-shirt,Cotton,2020,9,22,122.4
Slip-On Sneakers,Shoes,Canvas,2023,2,18,513.0
Zip Hoodie,Sweatshirt,Cotton,2022,12,1,18.0
Leather Boots,Shoes,Leather,2024,8,30,1056.0
Printed T-shirt,T-shirt,Organic Cotton,2020,11,17,91.2
Tracksuit Pants,Pants,Polyester,2022,3,8,264.6
Raincoat,Jacket,Polyester,2020,7,18,333.0
Slip-On Sneakers,Shoes,Canvas,2020,9,15,51.3
Leather Boots,Shoes,Leather,2020,3,30,924.0
Summer Dress,Dress,Linen,2022,12,28,178.2
Summer Dress,Dress,Linen,2021,9,2,151.8
Summer Dress,Dress,Linen,2021,7,12,316.8
Tracksuit Pants,Pants,Polyester,2024,3,12,409.5
Tracksuit Pants,Pants,Polyester,2020,1,18,100.8
Summer Dress,Dress,Linen,2020,10,31,310.2
Summer Dress,Dress,Linen,2021,10,28,244.2
Tank Top,T-shirt,Cotton,2020,5,20,64.8
Tank Top,T-shirt,Cotton,2022,9,9,84.6
Knitted Sweater,Sweater,Wool,2024,2,27,66.0
Slim Fit Jeans,Jeans,Denim,2023,3,31,117.0
Tracksuit Pants,Pants,Polyester,2020,4,9,396.9
Running Shoes,Shoes,Synthetic,2023,3,24,304.0
Slip-On Sneakers,Shoes,Canvas,2023,12,10,547.2
Winter Coat,Jacket,Wool,2021,11,24,846.6
Knitted Sweater,Sweater,Wool,2022,1,28,240.0
Shorts,Shorts,Denim,2022,8,9,154.0
Tracksuit Pants,Pants,Polyester,2022,12,25,138.6
Cargo Pants,Pants,Cotton,2020,2,29,168.3
Chino Pants,Pants,Cotton,2023,11,8,343.1
Light Jacket,Jacket,Polyester,2020,9,30,213.6
Raincoat,Jacket,Polyester,2024,4,18,695.6
Slim Fit Jeans,Jeans,Denim,2023,6,23,84.5
Running Shoes,Shoes,Synthetic,2023,1,22,874.0
Printed T-shirt,T-shirt,Organic Cotton,2020,8,7,64.6
Slip-On Sneakers,Shoes,Canvas,2020,5,16,387.6
Oversized Hoodie,Sweatshirt,Cotton,2023,8,5,42.0
Printed T-shirt,T-shirt,Organic Cotton,2024,6,14,157.7
Denim Jacket,Jacket,Denim,2024,9,12,514.8
Raincoat,Jacket,Polyester,2024,10,31,22.2
Winter Coat,Jacket,Wool,2023,4,24,642.6
Leather Boots,Shoes,Leather,2023,12,25,319.0
Printed T-shirt,T-shirt,Organic Cotton,2024,12,30,146.3
Chino Pants,Pants,Cotton,2022,10,7,258.5
Winter Coat,Jacket,Wool,2022,7,15,714.0
Formal Shirt,Shirt,Cotton,2021,1,21,362.7
Running Shoes,Shoes,Synthetic,2020,5,28,503.5
Basic T-shirt,T-shirt,Cotton,2021,2,16,201.6
Knitted Sweater,Sweater,Wool,2022,12,25,396.0
Formal Shirt,Shirt,Cotton,2024,11,29,39.0
Shorts,Shorts,Denim,2022,4,6,231.0
Slip-On Sneakers,Shoes,Canvas,2024,6,18,427.5
Slim Fit Jeans,Jeans,Denim,2022,5,21,299.0
Tank Top,T-shirt,Cotton,2024,10,9,1.8
Leather Boots,Shoes,Leather,2021,1,23,990.0
Basic T-shirt,T-shirt,Cotton,2023,11,16,147.0
Leather Boots,Shoes,Leather,2020,9,2,726.0
Summer Dress,Dress,Linen,2024,12,21,330.0
Slip-On Sneakers,Shoes,Canvas,2023,1,17,404.7
Tracksuit Pants,Pants,Polyester,2021,8,1,333.9
Tracksuit Pants,Pants,Polyester,2023,1,15,333.9
Slip-On Sneakers,Shoes,Canvas,2023,5,19,228.0
Leather Boots,Shoes,Leather,2022,7,15,187.0
Tank Top,T-shirt,Cotton,2022,11,2,136.8
Zip Hoodie,Sweatshirt,Cotton,2020,10,14,445.5
Running Shoes,Shoes,Synthetic,2020,11,29,779.0
Raincoat,Jacket,Polyester,2020,1,20,703.0
Slip-On Sneakers,Shoes,Canvas,2023,9,16,28.5
Raincoat,Jacket,Polyester,2022,1,24,384.8
Basic T-shirt,T-shirt,Cotton,2021,7,30,25.2
Basic T-shirt,T-shirt,Cotton,2020,7,3,105.0
Tank Top,T-shirt,Cotton,2021,7,4,63.0
Winter Coat,Jacket,Wool,2024,6,18,836.4
Formal Shirt,Shirt,Cotton,2024,3,14,386.1
Knitted Sweater,Sweater,Wool,2021,11,20,354.0
Light Jacket,Jacket,Polyester,2024,7,3,551.8
Cargo Pants,Pants,Cotton,2021,12,27,275.4
Basic T-shirt,T-shirt,Cotton,2020,10,30,48.3
Running Shoes,Shoes,Synthetic,2024,7,25,456.0
Cargo Pants,Pants,Cotton,2024,10,22,387.6
Leather Boots,Shoes,Leather,2024,5,29,583.0
Tracksuit Pants,Pants,Polyester,2021,6,12,233.1
Raincoat,Jacket,Polyester,2024,2,23,658.6
Raincoat,Jacket,Polyester,2021,7,14,318.2
Formal Shirt,Shirt,Cotton,2024,5,10,109.2
Formal Shirt,Shirt,Cotton,2024,1,5,202.8
Raincoat,Jacket,Polyester,2024,1,6,88.8
Cargo Pants,Pants,Cotton,2020,5,11,137.7
Chino Pants,Pants,Cotton,2020,11,2,441.8
Light Jacket,Jacket,Polyester,2020,2,23,293.7
Formal Shirt,Shirt,Cotton,2020,11,14,390.0
Knitted Sweater,Sweater,Wool,2020,7,21,504.0
Denim Jacket,Jacket,Denim,2024,1,21,7.8
Raincoat,Jacket,Polyester,2020,7,1,584.6
Zip Hoodie,Sweatshirt,Cotton,2020,4,14,126.0
Raincoat,Jacket,Polyester,2022,12,30,333.0
Light Jacket,Jacket,Polyester,2020,4,6,845.5
Raincoat,Jacket,Polyester,2023,2,6,636.4
Light Jacket,Jacket,Polyester,2024,2,26,302.6
Running Shoes,Shoes,Synthetic,2023,11,2,218.5
Slim Fit Jeans,Jeans,Denim,2022,9,9,182.0
Oversized Hoodie,Sweatshirt,Cotton,2023,10,18,210.0
Tank Top,T-shirt,Cotton,2020,9,10,68.4
Tracksuit Pants,Pants,Polyester,2023,10,28,403.2
Light Jacket,Jacket,Polyester,2022,3,16,694.2
Formal Shirt,Shirt,Cotton,2024,10,14,54.6
Knitted Sweater,Sweater,Wool,2020,11,1,474.0
Printed T-shirt,T-shirt,Organic Cotton,2023,12,9,41.8
Running Shoes,Shoes,Synthetic,2022,12,2,513.0
Zip Hoodie,Sweatshirt,Cotton,2024,3,2,166.5
Formal Shirt,Shirt,Cotton,2024,11,14,319.8
Zip Hoodie,Sweatshirt,Cotton,2024,7,17,126.0
Shorts,Shorts,Denim,2024,6,3,154.0
Formal Shirt,Shirt,Cotton,2024,10,29,54.6
Winter Coat,Jacket,Wool,2020,1,18,928.2
Slim Fit Jeans,Jeans,Denim,2021,7,1,455.0
Tank Top,T-shirt,Cotton,2023,7,4,70.2
Light Jacket,Jacket,Polyester,2024,4,5,267.0
Running Shoes,Shoes,Synthetic,2022,11,6,332.5
Chino Pants,Pants,Cotton,2023,12,17,249.1
Cargo Pants,Pants,Cotton,2020,10,30,168.3
Raincoat,Jacket,Polyester,2021,2,3,532.8
Shorts,Shorts,Denim,2023,7,14,28.0
Shorts,Shorts,Denim,2022,12,27,231.0
Raincoat,Jacket,Polyester,2020,10,31,259.0
Formal Shirt,Shirt,Cotton,2021,7,27,351.0
Running Shoes,Shoes,Synthetic,2021,9,18,598.5
Formal Shirt,Shirt,Cotton,2021,3,15,187.2
Formal Shirt,Shirt,Cotton,2023,5,11,120.9
Denim Jacket,Jacket,Denim,2021,11,24,608.4
Denim Jacket,Jacket,Denim,2024,4,3,741.0
Slip-On Sneakers,Shoes,Canvas,2024,12,7,507.3
Zip Hoodie,Sweatshirt,Cotton,2022,7,12,90.0
Tracksuit Pants,Pants,Polyester,2020,4,29,264.6
Cargo Pants,Pants,Cotton,2022,12,18,423.3
Printed T-shirt,T-shirt,Organic Cotton,2024,4,8,77.9
Formal Shirt,Shirt,Cotton,2023,6,28,241.8
Light Jacket,Jacket,Polyester,2021,11,6,151.3
Cargo Pants,Pants,Cotton,2024,12,22,459.0
Chino Pants,Pants,Cotton,2021,6,9,56.4
Zip Hoodie,Sweatshirt,Cotton,2023,7,25,405.0
Slip-On Sneakers,Shoes,Canvas,2020,4,12,131.1
Light Jacket,Jacket,Polyester,2023,11,3,258.1
Printed T-shirt,T-shirt,Organic Cotton,2023,2,27,123.5
Leather Boots,Shoes,Leather,2023,3,8,605.0
Basic T-shirt,T-shirt,Cotton,2021,11,2,210.0
Leather Boots,Shoes,Leather,2020,2,11,869.0
Oversized Hoodie,Sweatshirt,Cotton,2021,3,27,403.2
Running Shoes,Shoes,Synthetic,2021,4,4,836.0
Summer Dress,Dress,Linen,2023,7,5,115.5
Tracksuit Pants,Pants,Polyester,2023,5,16,308.7
Light Jacket,Jacket,Polyester,2020,2,17,382.7
Cargo Pants,Pants,Cotton,2021,12,11,76.5
Cargo Pants,Pants,Cotton,2021,5,28,448.8
Slim Fit Jeans,Jeans,Denim,2023,3,21,292.5
Oversized Hoodie,Sweatshirt,Cotton,2020,6,7,390.6
Leather Boots,Shoes,Leather,2020,7,30,451.0
Running Shoes,Shoes,Synthetic,2021,5,24,646.0
Winter Coat,Jacket,Wool,2020,4,11,40.8
Cargo Pants,Pants,Cotton,2020,6,9,265.2
Chino Pants,Pants,Cotton,2022,1,31,61.1
Summer Dress,Dress,Linen,2023,10,23,118.8
Tracksuit Pants,Pants,Polyester,2020,1,17,264.6
Winter Coat,Jacket,Wool,2020,8,17,846.6
Cargo Pants,Pants,Cotton,2024,1,23,397.8
Running Shoes,Shoes,Synthetic,2024,11,17,494.0
Slip-On Sneakers,Shoes,Canvas,2020,7,5,456.0
Tracksuit Pants,Pants,Polyester,2024,1,25,384.3
Raincoat,Jacket,Polyester,2023,3,1,510.6
Leather Boots,Shoes,Leather,2022,3,17,319.0
Leather Boots,Shoes,Leather,2023,7,19,781.0
Slim Fit Jeans,Jeans,Denim,2020,9,29,500.5
Light Jacket,Jacket,Polyester,2022,11,7,204.7
Printed T-shirt,T-shirt,Organic Cotton,2021,5,7,106.4
Zip Hoodie,Sweatshirt,Cotton,2021,7,16,13.5
Zip Hoodie,Sweatshirt,Cotton,2021,5,27,157.5
Running Shoes,Shoes,Synthetic,2022,12,21,579.5
Knitted Sweater,Sweater,Wool,2020,9,15,546.0
Winter Coat,Jacket,Wool,2020,7,31,91.8
Zip Hoodie,Sweatshirt,Cotton,2023,9,2,211.5
Zip Hoodie,Sweatshirt,Cotton,2023,1,20,418.5
Slip-On Sneakers,Shoes,Canvas,2022,11,5,22.8
Leather Boots,Shoes,Leather,2023,6,21,638.0
Cargo Pants,Pants,Cotton,2023,10,29,102.0
Slip-On Sneakers,Shoes,Canvas,2020,6,1,108.3
Printed T-shirt,T-shirt,Organic Cotton,2023,10,17,117.8
Summer Dress,Dress,Linen,2024,9,19,155.1
Leather Boots,Shoes,Leather,2024,12,24,231.0
Knitted Sweater,Sweater,Wool,2020,11,14,342.0
Light Jacket,Jacket,Polyester,2022,4,10,685.3
Running Shoes,Shoes,Synthetic,2020,10,24,361.0
Shorts,Shorts,Denim,2023,9,27,7.0
Basic T-shirt,T-shirt,Cotton,2023,1,5,174.3
Knitted Sweater,Sweater,Wool,2020,9,28,576.0
Light Jacket,Jacket,Polyester,2023,2,24,525.1
Raincoat,Jacket,Polyester,2020,3,3,569.8
Raincoat,Jacket,Polyester,2023,10,23,266.4
Raincoat,Jacket,Polyester,2022,1,28,384.8
Tank Top,T-shirt,Cotton,2023,5,25,12.6
Formal Shirt,Shirt,Cotton,2020,7,22,390.0
Basic T-shirt,T-shirt,Cotton,2020,3,17,12.6
Light Jacket,Jacket,Polyester,2024,8,30,676.4
Tracksuit Pants,Pants,Polyester,2020,10,12,415.8
Winter Coat,Jacket,Wool,2024,4,12,724.2
Slip-On Sneakers,Shoes,Canvas,2021,7,8,478.8
Formal Shirt,Shirt,Cotton,2021,12,30,351.0
Shorts,Shorts,Denim,2021,5,17,108.5
Zip Hoodie,Sweatshirt,Cotton,2020,8,4,207.0
Denim Jacket,Jacket,Denim,2024,11,20,117.0
Slim Fit Jeans,Jeans,Denim,2024,5,9,591.5
Raincoat,Jacket,Polyester,2021,10,4,695.6
Running Shoes,Shoes,Synthetic,2021,12,10,807.5
Slim Fit Jeans,Jeans,Denim,2023,7,5,513.5
Raincoat,Jacket,Polyester,2022,6,9,362.6
Leather Boots,Shoes,Leather,2022,1,4,1067.0
Summer Dress,Dress,Linen,2024,7,29,188.1
Chino Pants,Pants,Cotton,2024,6,22,385.4
Tracksuit Pants,Pants,Polyester,2023,6,2,119.7
Summer Dress,Dress,Linen,2020,4,24,287.1
Tracksuit Pants,Pants,Polyester,2020,8,20,144.9
Formal Shirt,Shirt,Cotton,2023,1,17,171.6
Light Jacket,Jacket,Polyester,2024,3,31,667.5
Formal Shirt,Shirt,Cotton,2020,2,14,105.3
Denim Jacket,Jacket,Denim,2022,2,23,397.8
Chino Pants,Pants,Cotton,2024,1,7,61.1
Summer Dress,Dress,Linen,2021,5,23,141.9
Chino Pants,Pants,Cotton,2023,9,6,408.9
Formal Shirt,Shirt,Cotton,2022,8,2,187.2
Printed T-shirt,T-shirt,Organic Cotton,2022,10,5,106.4
Knitted Sweater,Sweater,Wool,2022,6,21,420.0
Slip-On Sneakers,Shoes,Canvas,2020,9,3,359.1
Cargo Pants,Pants,Cotton,2021,6,29,102.0
Knitted Sweater,Sweater,Wool,2020,1,25,324.0
Basic T-shirt,T-shirt,Cotton,2020,8,11,176.4
Denim Jacket,Jacket,Denim,2020,6,1,460.2
Knitted Sweater,Sweater,Wool,2024,4,17,516.0
Leather Boots,Shoes,Leather,2022,10,25,220.0
Tracksuit Pants,Pants,Polyester,2020,11,11,88.2
Basic T-shirt,T-shirt,Cotton,2021,6,5,126.0
Chino Pants,Pants,Cotton,2022,3,23,324.3
Knitted Sweater,Sweater,Wool,2023,11,25,6.0
Chino Pants,Pants,Cotton,2023,1,19,258.5
Denim Jacket,Jacket,Denim,2020,11,21,343.2
Chino Pants,Pants,Cotton,2023,9,18,47.0
Zip Hoodie,Sweatshirt,Cotton,2024,5,6,324.0
Denim Jacket,Jacket,Denim,2020,11,25,382.2
Basic T-shirt,T-shirt,Cotton,2023,4,13,138.6
Raincoat,Jacket,Polyester,2021,3,20,229.4
Slim Fit Jeans,Jeans,Denim,2024,6,14,435.5
Printed T-shirt,T-shirt,Organic Cotton,2024,1,24,171.0
Shorts,Shorts,Denim,2022,10,29,294.0
Oversized Hoodie,Sweatshirt,Cotton,2023,1,4,134.4
Tank Top,T-shirt,Cotton,2022,3,26,28.8
Slim Fit Jeans,Jeans,Denim,2023,3,7,325.0
Zip Hoodie,Sweatshirt,Cotton,2020,7,2,58.5
Formal Shirt,Shirt,Cotton,2023,8,6,23.4
Chino Pants,Pants,Cotton,2022,11,27,470.0
Basic T-shirt,T-shirt,Cotton,2020,1,25,84.0
Running Shoes,Shoes,Synthetic,2022,8,13,883.5
Denim Jacket,Jacket,Denim,2022,5,1,600.6
Zip Hoodie,Sweatshirt,Cotton,2020,9,29,409.5
Summer Dress,Dress,Linen,2024,8,20,326.7
Tank Top,T-shirt,Cotton,2022,12,31,117.0
Raincoat,Jacket,Polyester,2024,7,2,525.4
Knitted Sweater,Sweater,Wool,2020,12,9,540.0
Printed T-shirt,T-shirt,Organic Cotton,2022,3,7,121.6
Running Shoes,Shoes,Synthetic,2024,7,31,446.5
Running Shoes,Shoes,Synthetic,2020,11,6,693.5
Denim Jacket,Jacket,Denim,2021,7,26,780.0
Shorts,Shorts,Denim,2024,1,16,38.5
Winter Coat,Jacket,Wool,2024,2,6,448.8
Running Shoes,Shoes,Synthetic,2020,10,19,313.5
Winter Coat,Jacket,Wool,2021,5,31,510.0
Slip-On Sneakers,Shoes,Canvas,2021,7,25,342.0
Cargo Pants,Pants,Cotton,2020,1,28,86.7
Chino Pants,Pants,Cotton,2021,6,1,122.2
Slip-On Sneakers,Shoes,Canvas,2020,5,24,393.3
Printed T-shirt,T-shirt,Organic Cotton,2023,6,20,133.0
Chino Pants,Pants,Cotton,2022,5,29,347.8
Zip Hoodie,Sweatshirt,Cotton,2020,10,12,265.5
Printed T-shirt,T-shirt,Organic Cotton,2022,3,12,20.9
Oversized Hoodie,Sweatshirt,Cotton,2023,7,4,84.0
Slim Fit Jeans,Jeans,Denim,2024,5,29,26.0
Knitted Sweater,Sweater,Wool,2024,3,8,294.0
Cargo Pants,Pants,Cotton,2022,5,4,387.6
Cargo Pants,Pants,Cotton,2023,5,7,443.7
Zip Hoodie,Sweatshirt,Cotton,2023,1,7,45.0
Knitted Sweater,Sweater,Wool,2021,5,9,108.0
Printed T-shirt,T-shirt,Organic Cotton,2021,8,8,161.5
Knitted Sweater,Sweater,Wool,2024,1,12,276.0
Denim Jacket,Jacket,Denim,2024,3,14,226.2
Cargo Pants,Pants,Cotton,2021,9,1,229.5
Zip Hoodie,Sweatshirt,Cotton,2022,10,4,171.0
Tracksuit Pants,Pants,Polyester,2020,6,30,245.7
Tank Top,T-shirt,Cotton,2021,3,3,5.4
Shorts,Shorts,Denim,2021,8,17,266.0
Shorts,Shorts,Denim,2020,7,30,168.0
Tank Top,T-shirt,Cotton,2024,3,25,59.4
Slim Fit Jeans,Jeans,Denim,2023,6,20,45.5
Summer Dress,Dress,Linen,2024,8,23,69.3
Cargo Pants,Pants,Cotton,2024,7,21,413.1
Light Jacket,Jacket,Polyester,2024,8,10,133.5
Raincoat,Jacket,Polyester,2024,10,14,606.8
Chino Pants,Pants,Cotton,2023,4,16,451.2
Tracksuit Pants,Pants,Polyester,2021,3,1,409.5
Light Jacket,Jacket,Polyester,2022,3,23,809.9
Knitted Sweater,Sweater,Wool,2021,3,10,510.0
Cargo Pants,Pants,Cotton,2022,11,25,469.2
Running Shoes,Shoes,Synthetic,2023,3,30,883.5
Light Jacket,Jacket,Polyester,2020,1,8,231.4
Slip-On Sneakers,Shoes,Canvas,2024,4,12,279.3
Formal Shirt,Shirt,Cotton,2023,9,19,273.0
Chino Pants,Pants,Cotton,2023,6,10,164.5
Denim Jacket,Jacket,Denim,2020,3,18,670.8
Zip Hoodie,Sweatshirt,Cotton,2023,10,5,292.5
Raincoat,Jacket,Polyester,2021,4,22,266.4
Raincoat,Jacket,Polyester,2024,4,23,384.8
Formal Shirt,Shirt,Cotton,2021,7,11,50.7
Cargo Pants,Pants,Cotton,2023,10,2,122.4
Basic T-shirt,T-shirt,Cotton,2023,2,19,123.9
Slim Fit Jeans,Jeans,Denim,2024,3,23,409.5
Knitted Sweater,Sweater,Wool,2021,3,14,564.0
Summer Dress,Dress,Linen,2023,1,8,105.6
Oversized Hoodie,Sweatshirt,Cotton,2020,7,11,365.4
Slim Fit Jeans,Jeans,Denim,2024,3,8,357.5
Tank Top,T-shirt,Cotton,2024,9,3,45.0
Shorts,Shorts,Denim,2020,12,20,227.5
Tracksuit Pants,Pants,Polyester,2021,1,24,315.0
Winter Coat,Jacket,Wool,2022,12,4,265.2
Winter Coat,Jacket,Wool,2021,4,21,867.0
Slip-On Sneakers,Shoes,Canvas,2024,12,2,552.9
Oversized Hoodie,Sweatshirt,Cotton,2024,5,10,184.8
Tank Top,T-shirt,Cotton,2020,4,16,10.8
Shorts,Shorts,Denim,2024,9,4,80.5
Cargo Pants,Pants,Cotton,2024,12,30,188.7
Slim Fit Jeans,Jeans,Denim,2022,8,18,487.5
Oversized Hoodie,Sweatshirt,Cotton,2022,10,23,306.6
Oversized Hoodie,Sweatshirt,Cotton,2022,3,22,218.4
Tracksuit Pants,Pants,Polyester,2024,6,19,466.2
Leather Boots,Shoes,Leather,2023,8,16,561.0
Winter Coat,Jacket,Wool,2021,7,2,622.2
Zip Hoodie,Sweatshirt,Cotton,2020,4,10,279.0
Raincoat,Jacket,Polyester,2020,2,5,288.6
Summer Dress,Dress,Linen,2023,4,20,66.0
Slip-On Sneakers,Shoes,Canvas,2023,5,5,410.4
Running Shoes,Shoes,Synthetic,2024,10,8,85.5
Shorts,Shorts,Denim,2024,11,6,350.0
Raincoat,Jacket,Polyester,2022,1,9,377.4
Basic T-shirt,T-shirt,Cotton,2022,11,30,155.4
Light Jacket,Jacket,Polyester,2023,4,6,44.5
Tracksuit Pants,Pants,Polyester,2023,3,21,12.6
Summer Dress,Dress,Linen,2020,7,25,145.2
Zip Hoodie,Sweatshirt,Cotton,2022,1,24,22.5
Winter Coat,Jacket,Wool,2023,7,29,765.0
Formal Shirt,Shirt,Cotton,2020,5,31,319.8
Zip Hoodie,Sweatshirt,Cotton,2020,6,20,261.0
Tracksuit Pants,Pants,Polyester,2021,11,16,441.0
Denim Jacket,Jacket,Denim,2020,1,7,327.6
Printed T-shirt,T-shirt,Organic Cotton,2022,1,9,36.1
Cargo Pants,Pants,Cotton,2023,4,3,387.6
Knitted Sweater,Sweater,Wool,2020,8,8,246.0
Tracksuit Pants,Pants,Polyester,2024,11,10,340.2
Winter Coat,Jacket,Wool,2024,8,9,448.8
Running Shoes,Shoes,Synthetic,2024,10,10,741.0
Slim Fit Jeans,Jeans,Denim,2022,1,24,598.0
Chino Pants,Pants,Cotton,2020,5,9,159.8
Knitted Sweater,Sweater,Wool,2024,3,25,426.0
Slip-On Sneakers,Shoes,Canvas,2021,8,4,456.0
Oversized Hoodie,Sweatshirt,Cotton,2020,6,19,382.2
Running Shoes,Shoes,Synthetic,2020,12,14,503.5
Cargo Pants,Pants,Cotton,2020,6,19,188.7
Running Shoes,Shoes,Synthetic,2023,2,2,294.5
Light Jacket,Jacket,Polyester,2021,3,7,320.4
Formal Shirt,Shirt,Cotton,2024,1,18,27.3
Tracksuit Pants,Pants,Polyester,2024,2,19,245.7
Printed T-shirt,T-shirt,Organic Cotton,2024,5,31,133.0
Zip Hoodie,Sweatshirt,Cotton,2020,6,2,184.5
Leather Boots,Shoes,Leather,2021,11,26,737.0
Slim Fit Jeans,Jeans,Denim,2020,9,29,370.5
Winter Coat,Jacket,Wool,2024,7,25,979.2
Basic T-shirt,T-shirt,Cotton,2020,3,17,86.1
Denim Jacket,Jacket,Denim,2022,5,5,561.6
Slip-On Sneakers,Shoes,Canvas,2020,3,24,513.0
Tracksuit Pants,Pants,Polyester,2023,9,21,346.5
Printed T-shirt,T-shirt,Organic Cotton,2021,1,12,57.0
Slip-On Sneakers,Shoes,Canvas,2020,8,23,96.9
Tracksuit Pants,Pants,Polyester,2023,4,16,100.8
Running Shoes,Shoes,Synthetic,2024,1,17,560.5
Slim Fit Jeans,Jeans,Denim,2021,2,6,305.5
Summer Dress,Dress,Linen,2022,7,23,260.7
Winter Coat,Jacket,Wool,2024,1,21,295.8
Basic T-shirt,T-shirt,Cotton,2023,7,25,4.2
Slim Fit Jeans,Jeans,Denim,2022,9,27,143.0
Zip Hoodie,Sweatshirt,Cotton,2021,6,2,27.0
Chino Pants,Pants,Cotton,2020,1,19,460.6
Oversized Hoodie,Sweatshirt,Cotton,2024,12,22,285.6
Denim Jacket,Jacket,Denim,2024,7,31,39.0
Printed T-shirt,T-shirt,Organic Cotton,2022,12,17,51.3
Leather Boots,Shoes,Leather,2022,6,26,352.0
Tracksuit Pants,Pants,Polyester,2022,10,1,302.4
Knitted Sweater,Sweater,Wool,2021,10,27,504.0
Printed T-shirt,T-shirt,Organic Cotton,2020,5,30,146.3
Printed T-shirt,T-shirt,Organic Cotton,2021,1,6,167.2
Leather Boots,Shoes,Leather,2023,6,30,825.0
Shorts,Shorts,Denim,2022,5,22,213.5
Basic T-shirt,T-shirt,Cotton,2022,1,14,132.3
Light Jacket,Jacket,Polyester,2020,2,12,756.5
Slip-On Sneakers,Shoes,Canvas,2023,7,5,490.2
Raincoat,Jacket,Polyester,2023,6,23,673.4
Summer Dress,Dress,Linen,2023,4,7,145.2
Raincoat,Jacket,Polyester,2020,5,31,185.0
Tracksuit Pants,Pants,Polyester,2023,12,7,403.2
Shorts,Shorts,Denim,2024,9,20,255.5
Zip Hoodie,Sweatshirt,Cotton,2023,9,14,292.5
Formal Shirt,Shirt,Cotton,2024,10,17,300.3
Slip-On Sneakers,Shoes,Canvas,2023,10,25,564.3
Shorts,Shorts,Denim,2022,7,10,213.5
Running Shoes,Shoes,Synthetic,2020,12,4,826.5
Tracksuit Pants,Pants,Polyester,2024,8,5,245.7
Knitted Sweater,Sweater,Wool,2023,2,27,468.0
Running Shoes,Shoes,Synthetic,2023,1,10,313.5
Basic T-shirt,T-shirt,Cotton,2021,9,27,163.8
Slim Fit Jeans,Jeans,Denim,2024,3,31,383.5
Winter Coat,Jacket,Wool,2022,7,26,306.0
Tank Top,T-shirt,Cotton,2022,11,6,48.6
Formal Shirt,Shirt,Cotton,2023,12,3,167.7
Cargo Pants,Pants,Cotton,2023,11,26,255.0
Raincoat,Jacket,Polyester,2024,11,1,51.8
Light Jacket,Jacket,Polyester,2023,8,7,409.4
Basic T-shirt,T-shirt,Cotton,2024,11,19,69.3
Zip Hoodie,Sweatshirt,Cotton,2024,3,18,427.5
Leather Boots,Shoes,Leather,2020,4,20,539.0
Summer Dress,Dress,Linen,2020,1,31,145.2
Slip-On Sneakers,Shoes,Canvas,2021,9,24,39.9
Oversized Hoodie,Sweatshirt,Cotton,2021,3,3,180.6
Oversized Hoodie,Sweatshirt,Cotton,2020,9,2,71.4
Leather Boots,Shoes,Leather,2024,5,18,583.0
Summer Dress,Dress,Linen,2023,5,29,99.0
Denim Jacket,Jacket,Denim,2020,2,25,756.6
Tracksuit Pants,Pants,Polyester,2024,4,18,604.8
Winter Coat,Jacket,Wool,2023,3,21,397.8
Knitted Sweater,Sweater,Wool,2021,8,24,324.0
Tank Top,T-shirt,Cotton,2022,12,14,18.0
Raincoat,Jacket,Polyester,2021,2,11,222.0
Slim Fit Jeans,Jeans,Denim,2023,5,29,520.0
Chino Pants,Pants,Cotton,2021,5,8,150.4
Knitted Sweater,Sweater,Wool,2023,12,31,294.0
Shorts,Shorts,Denim,2021,3,6,70.0
Leather Boots,Shoes,Leather,2024,1,14,1056.0
Winter Coat,Jacket,Wool,2024,1,12,10.2
Leather Boots,Shoes,Leather,2023,12,30,627.0
Denim Jacket,Jacket,Denim,2022,10,16,678.6
Basic T-shirt,T-shirt,Cotton,2020,10,26,100.8
Zip Hoodie,Sweatshirt,Cotton,2022,6,13,198.0
Tracksuit Pants,Pants,Polyester,2024,11,25,396.9
Shorts,Shorts,Denim,2021,10,12,52.5
Leather Boots,Shoes,Leather,2023,4,10,781.0
Running Shoes,Shoes,Synthetic,2023,9,19,522.5
Leather Boots,Shoes,Leather,2020,1,24,1067.0
Formal Shirt,Shirt,Cotton,2020,6,26,58.5
Chino Pants,Pants,Cotton,2022,10,23,366.6
Running Shoes,Shoes,Synthetic,2024,3,11,532.0
Chino Pants,Pants,Cotton,2022,2,2,32.9
Shorts,Shorts,Denim,2020,7,28,231.0
Tracksuit Pants,Pants,Polyester,2022,11,19,132.3
Leather Boots,Shoes,Leather,2020,9,22,77.0
Oversized Hoodie,Sweatshirt,Cotton,2024,12,16,117.6
Slim Fit Jeans,Jeans,Denim,2020,1,7,357.5
Basic T-shirt,T-shirt,Cotton,2024,2,7,18.9
Basic T-shirt,T-shirt,Cotton,2020,4,22,10.5
Summer Dress,Dress,Linen,2023,1,6,141.9
Basic T-shirt,T-shirt,Cotton,2024,5,26,165.9
Zip Hoodie,Sweatshirt,Cotton,2020,1,19,126.0
Printed T-shirt,T-shirt,Organic Cotton,2022,8,18,66.5
Slip-On Sneakers,Shoes,Canvas,2021,8,27,404.7
Running Shoes,Shoes,Synthetic,2022,12,4,285.0
Printed T-shirt,T-shirt,Organic Cotton,2021,1,9,96.9
Slim Fit Jeans,Jeans,Denim,2024,12,21,201.5
Tank Top,T-shirt,Cotton,2023,2,11,9.0
Summer Dress,Dress,Linen,2021,11,9,174.9
Basic T-shirt,T-shirt,Cotton,2020,9,2,153.3
Tracksuit Pants,Pants,Polyester,2021,1,13,516.6
Denim Jacket,Jacket,Denim,2020,7,10,218.4
Denim Jacket,Jacket,Denim,2021,4,5,304.2
Light Jacket,Jacket,Polyester,2024,7,8,71.2
Summer Dress,Dress,Linen,2024,6,15,306.9
Oversized Hoodie,Sweatshirt,Cotton,2020,10,26,239.4
Chino Pants,Pants,Cotton,2020,11,3,28.2
Leather Boots,Shoes,Leather,2024,3,11,495.0
Slip-On Sneakers,Shoes,Canvas,2020,4,29,68.4
Printed T-shirt,T-shirt,Organic Cotton,2022,6,25,57.0
Denim Jacket,Jacket,Denim,2023,9,23,124.8
Printed T-shirt,T-shirt,Organic Cotton,2020,4,27,13.3
Light Jacket,Jacket,Polyester,2024,3,8,106.8
Chino Pants,Pants,Cotton,2024,5,29,173.9
Running Shoes,Shoes,Synthetic,2024,1,2,646.0
Chino Pants,Pants,Cotton,2022,5,15,437.1
Running Shoes,Shoes,Synthetic,2020,3,7,931.0
Summer Dress,Dress,Linen,2021,2,2,148.5
Tank Top,T-shirt,Cotton,2022,1,1,176.4
Shorts,Shorts,Denim,2024,11,25,171.5
Knitted Sweater,Sweater,Wool,2024,11,5,72.0
Chino Pants,Pants,Cotton,2022,5,22,296.1
Summer Dress,Dress,Linen,2024,12,1,75.9
Light Jacket,Jacket,Polyester,2023,5,23,275.9
Raincoat,Jacket,Polyester,2020,5,28,266.4
Leather Boots,Shoes,Leather,2022,12,26,473.0
Winter Coat,Jacket,Wool,2024,3,25,540.6
Winter Coat,Jacket,Wool,2022,7,23,469.2
Knitted Sweater,Sweater,Wool,2021,10,8,366.0
Basic T-shirt,T-shirt,Cotton,2022,11,13,100.8
Leather Boots,Shoes,Leather,2020,9,17,242.0
Slip-On Sneakers,Shoes,Canvas,2021,9,10,96.9
Zip Hoodie,Sweatshirt,Cotton,2024,11,20,414.0
Cargo Pants,Pants,Cotton,2024,1,28,112.2
Cargo Pants,Pants,Cotton,2022,7,26,91.8
Oversized Hoodie,Sweatshirt,Cotton,2020,11,25,331.8
Chino Pants,Pants,Cotton,2021,6,3,216.2
Summer Dress,Dress,Linen,2023,8,14,72.6
Formal Shirt,Shirt,Cotton,2021,7,21,156.0
Raincoat,Jacket,Polyester,2020,6,7,148.0
Winter Coat,Jacket,Wool,2023,1,31,591.6
Cargo Pants,Pants,Cotton,2020,8,8,448.8
Oversized Hoodie,Sweatshirt,Cotton,2021,10,8,369.6
Formal Shirt,Shirt,Cotton,2021,1,17,269.1
Slim Fit Jeans,Jeans,Denim,2020,3,12,604.5
Winter Coat,Jacket,Wool,2021,1,27,969.0
Tracksuit Pants,Pants,Polyester,2022,1,19,289.8
Tracksuit Pants,Pants,Polyester,2024,10,23,510.3
Winter Coat,Jacket,Wool,2024,7,17,448.8
Light Jacket,Jacket,Polyester,2023,9,1,213.6
Slim Fit Jeans,Jeans,Denim,2022,2,7,227.5
Shorts,Shorts,Denim,2024,12,17,322.0
Printed T-shirt,T-shirt,Organic Cotton,2024,6,23,15.2
Leather Boots,Shoes,Leather,2021,5,20,462.0
Knitted Sweater,Sweater,Wool,2023,2,27,192.0
Slim Fit Jeans,Jeans,Denim,2022,1,6,195.0
Slip-On Sneakers,Shoes,Canvas,2021,8,18,5.7
Light Jacket,Jacket,Polyester,2021,2,4,160.2
Winter Coat,Jacket,Wool,2021,4,1,663.0
Running Shoes,Shoes,Synthetic,2024,12,28,180.5
Chino Pants,Pants,Cotton,2020,11,28,47.0
Slip-On Sneakers,Shoes,Canvas,2021,9,29,376.2
Zip Hoodie,Sweatshirt,Cotton,2022,11,8,346.5
Zip Hoodie,Sweatshirt,Cotton,2024,11,3,252.0
Tank Top,T-shirt,Cotton,2024,11,1,135.0
Formal Shirt,Shirt,Cotton,2022,11,14,93.6
Winter Coat,Jacket,Wool,2022,11,15,265.2
Oversized Hoodie,Sweatshirt,Cotton,2022,6,5,151.2
Chino Pants,Pants,Cotton,2021,2,24,460.6
Cargo Pants,Pants,Cotton,2020,10,18,504.9
Basic T-shirt,T-shirt,Cotton,2021,3,2,44.1
Winter Coat,Jacket,Wool,2022,9,21,244.8
Winter Coat,Jacket,Wool,2020,4,10,112.2
Chino Pants,Pants,Cotton,2023,6,2,408.9
Printed T-shirt,T-shirt,Organic Cotton,2023,11,26,22.8
Printed T-shirt,T-shirt,Organic Cotton,2022,6,22,148.2
Denim Jacket,Jacket,Denim,2021,12,2,577.2
Basic T-shirt,T-shirt,Cotton,2023,11,16,58.8
Formal Shirt,Shirt,Cotton,2021,10,9,276.9
Slim Fit Jeans,Jeans,Denim,2020,3,15,305.5
Zip Hoodie,Sweatshirt,Cotton,2022,10,20,202.5
Formal Shirt,Shirt,Cotton,2020,10,4,35.1
Summer Dress,Dress,Linen,2022,11,12,283.8
Slip-On Sneakers,Shoes,Canvas,2024,2,27,490.2
Shorts,Shorts,Denim,2021,9,30,143.5
Slip-On Sneakers,Shoes,Canvas,2024,12,28,68.4
Summer Dress,Dress,Linen,2022,9,11,178.2
Oversized Hoodie,Sweatshirt,Cotton,2024,10,8,142.8
Summer Dress,Dress,Linen,2020,5,8,9.9
Summer Dress,Dress,Linen,2021,1,4,95.7
Running Shoes,Shoes,Synthetic,2021,10,3,313.5
Leather Boots,Shoes,Leather,2024,11,15,693.0
Basic T-shirt,T-shirt,Cotton,2022,5,1,79.8
Leather Boots,Shoes,Leather,2020,11,28,77.0
Raincoat,Jacket,Polyester,2020,8,25,414.4
Printed T-shirt,T-shirt,Organic Cotton,2023,6,9,68.4
Slip-On Sneakers,Shoes,Canvas,2021,12,31,364.8
Leather Boots,Shoes,Leather,2023,3,25,858.0
Denim Jacket,Jacket,Denim,2021,6,8,327.6
Winter Coat,Jacket,Wool,2020,10,19,132.6
Winter Coat,Jacket,Wool,2022,3,24,683.4
Slip-On Sneakers,Shoes,Canvas,2024,3,4,513.0
Printed T-shirt,T-shirt,Organic Cotton,2024,11,24,96.9
Cargo Pants,Pants,Cotton,2022,7,9,316.2
Chino Pants,Pants,Cotton,2023,11,30,23.5
Chino Pants,Pants,Cotton,2024,2,4,51.7
Oversized Hoodie,Sweatshirt,Cotton,2024,2,26,21.0
Tracksuit Pants,Pants,Polyester,2022,11,29,384.3
Formal Shirt,Shirt,Cotton,2023,3,13,351.0
Tracksuit Pants,Pants,Polyester,2021,11,1,138.6
Formal Shirt,Shirt,Cotton,2023,2,27,198.9
Knitted Sweater,Sweater,Wool,2020,1,28,426.0
Zip Hoodie,Sweatshirt,Cotton,2024,1,23,427.5
Denim Jacket,Jacket,Denim,2022,7,11,592.8
Winter Coat,Jacket,Wool,2023,4,20,71.4
Winter Coat,Jacket,Wool,2024,9,17,469.2
Chino Pants,Pants,Cotton,2022,6,15,418.3
Zip Hoodie,Sweatshirt,Cotton,2023,8,13,175.5
Oversized Hoodie,Sweatshirt,Cotton,2024,10,9,239.4
Winter Coat,Jacket,Wool,2024,4,1,255.0
Cargo Pants,Pants,Cotton,2020,11,26,290.7
Slim Fit Jeans,Jeans,Denim,2024,9,1,305.5
Summer Dress,Dress,Linen,2023,3,7,75.9
Formal Shirt,Shirt,Cotton,2023,3,10,241.8
Slip-On Sneakers,Shoes,Canvas,2020,1,18,171.0
Shorts,Shorts,Denim,2024,12,16,28.0
Denim Jacket,Jacket,Denim,2022,6,28,514.8
Knitted Sweater,Sweater,Wool,2021,3,2,360.0
Summer Dress,Dress,Linen,2020,9,9,112.2
Denim Jacket,Jacket,Denim,2020,10,10,335.4
Denim Jacket,Jacket,Denim,2020,9,26,741.0
Tracksuit Pants,Pants,Polyester,2023,6,18,252.0
Zip Hoodie,Sweatshirt,Cotton,2021,4,24,409.5
Tank Top,T-shirt,Cotton,2022,5,25,106.2
Zip Hoodie,Sweatshirt,Cotton,2022,11,11,180.0
Tracksuit Pants,Pants,Polyester,2020,12,13,497.7
Leather Boots,Shoes,Leather,2022,11,4,836.0
Printed T-shirt,T-shirt,Organic Cotton,2024,9,21,70.3
Cargo Pants,Pants,Cotton,2023,10,11,448.8
Summer Dress,Dress,Linen,2020,1,14,52.8
Knitted Sweater,Sweater,Wool,2022,5,21,552.0
Tracksuit Pants,Pants,Polyester,2023,9,2,598.5
Shorts,Shorts,Denim,2021,1,1,199.5
Zip Hoodie,Sweatshirt,Cotton,2022,7,9,256.5
Printed T-shirt,T-shirt,Organic Cotton,2022,1,14,13.3
Light Jacket,Jacket,Polyester,2020,6,23,115.7
Knitted Sweater,Sweater,Wool,2023,1,7,108.0
Knitted Sweater,Sweater,Wool,2022,6,27,144.0
Tank Top,T-shirt,Cotton,2022,8,30,120.6
Slip-On Sneakers,Shoes,Canvas,2024,10,12,28.5
Printed T-shirt,T-shirt,Organic Cotton,2023,4,17,144.4
Formal Shirt,Shirt,Cotton,2022,7,10,195.0
Winter Coat,Jacket,Wool,2021,8,18,1020.0
Denim Jacket,Jacket,Denim,2024,3,28,600.6
Denim Jacket,Jacket,Denim,2021,7,13,780.0
Zip Hoodie,Sweatshirt,Cotton,2020,2,26,36.0
Oversized Hoodie,Sweatshirt,Cotton,2024,6,23,298.2
Tank Top,T-shirt,Cotton,2021,4,15,73.8
Summer Dress,Dress,Linen,2022,6,23,316.8
Knitted Sweater,Sweater,Wool,2020,7,27,42.0
Tank Top,T-shirt,Cotton,2024,3,10,64.8
Tank Top,T-shirt,Cotton,2022,4,18,77.4
Light Jacket,Jacket,Polyester,2022,11,5,195.8
Zip Hoodie,Sweatshirt,Cotton,2022,4,1,247.5
Shorts,Shorts,Denim,2024,12,14,332.5
Formal Shirt,Shirt,Cotton,2024,10,19,253.5
Summer Dress,Dress,Linen,2020,11,1,62.7
Cargo Pants,Pants,Cotton,2021,12,17,402.9
Chino Pants,Pants,Cotton,2021,1,31,131.6
Tank Top,T-shirt,Cotton,2024,12,21,151.2
Cargo Pants,Pants,Cotton,2024,12,1,71.4
Light Jacket,Jacket,Polyester,2023,12,2,489.5
Tank Top,T-shirt,Cotton,2020,4,17,36.0
Zip Hoodie,Sweatshirt,Cotton,2022,2,6,189.0
Knitted Sweater,Sweater,Wool,2021,7,27,12.0
Formal Shirt,Shirt,Cotton,2022,3,4,358.8
Leather Boots,Shoes,Leather,2022,7,1,1045.0
Leather Boots,Shoes,Leather,2023,12,29,913.0
Knitted Sweater,Sweater,Wool,2023,4,5,246.0
Leather Boots,Shoes,Leather,2024,10,5,253.0
Formal Shirt,Shirt,Cotton,2020,7,24,93.6
Cargo Pants,Pants,Cotton,2022,7,1,300.9
Zip Hoodie,Sweatshirt,Cotton,2020,8,4,72.0
Summer Dress,Dress,Linen,2023,1,3,135.3
Formal Shirt,Shirt,Cotton,2024,8,14,339.3
Summer Dress,Dress,Linen,2023,2,18,306.9
Summer Dress,Dress,Linen,2023,4,5,237.6
Tank Top,T-shirt,Cotton,2023,4,28,75.6
Knitted Sweater,Sweater,Wool,2022,9,19,414.0
Denim Jacket,Jacket,Denim,2021,3,22,241.8
Printed T-shirt,T-shirt,Organic Cotton,2023,1,3,146.3
Slim Fit Jeans,Jeans,Denim,2021,5,17,650.0
Shorts,Shorts,Denim,2021,10,19,343.0
Summer Dress,Dress,Linen,2020,5,6,178.2
Winter Coat,Jacket,Wool,2020,3,1,479.4
Shorts,Shorts,Denim,2022,1,10,269.5
Raincoat,Jacket,Polyester,2024,12,9,199.8
Leather Boots,Shoes,Leather,2024,5,30,319.0
Knitted Sweater,Sweater,Wool,2021,10,4,540.0
Denim Jacket,Jacket,Denim,2022,2,26,15.6
Winter Coat,Jacket,Wool,2022,3,7,795.6
Shorts,Shorts,Denim,2024,5,23,101.5
Oversized Hoodie,Sweatshirt,Cotton,2021,4,24,331.8
Knitted Sweater,Sweater,Wool,2021,10,17,162.0
Leather Boots,Shoes,Leather,2023,12,26,143.0
Basic T-shirt,T-shirt,Cotton,2022,6,7,94.5
Raincoat,Jacket,Polyester,2020,7,9,148.0
Zip Hoodie,Sweatshirt,Cotton,2020,8,16,423.0
Denim Jacket,Jacket,Denim,2024,8,2,756.6
Cargo Pants,Pants,Cotton,2021,11,28,249.9
Summer Dress,Dress,Linen,2022,6,13,231.0
Tracksuit Pants,Pants,Polyester,2024,11,19,226.8
Printed T-shirt,T-shirt,Organic Cotton,2021,3,3,39.9
Zip Hoodie,Sweatshirt,Cotton,2020,12,3,94.5
Light Jacket,Jacket,Polyester,2020,10,27,507.3
Tracksuit Pants,Pants,Polyester,2023,4,12,107.1
Cargo Pants,Pants,Cotton,2022,6,2,219.3
Summer Dress,Dress,Linen,2023,5,27,254.1
Basic T-shirt,T-shirt,Cotton,2020,10,7,96.6
Denim Jacket,Jacket,Denim,2024,5,14,226.2
Formal Shirt,Shirt,Cotton,2021,4,26,296.4
Slim Fit Jeans,Jeans,Denim,2022,9,27,546.0
Cargo Pants,Pants,Cotton,2020,7,2,351.9
Slip-On Sneakers,Shoes,Canvas,2022,8,18,108.3
Winter Coat,Jacket,Wool,2021,3,4,928.2
Running Shoes,Shoes,Synthetic,2020,10,9,902.5
Oversized Hoodie,Sweatshirt,Cotton,2021,12,14,210.0
Basic T-shirt,T-shirt,Cotton,2022,8,31,142.8
Printed T-shirt,T-shirt,Organic Cotton,2022,8,3,176.7
Printed T-shirt,T-shirt,Organic Cotton,2021,5,8,169.1
Basic T-shirt,T-shirt,Cotton,2024,6,20,195.3
Leather Boots,Shoes,Leather,2023,11,28,66.0
Tracksuit Pants,Pants,Polyester,2021,6,30,157.5
Light Jacket,Jacket,Polyester,2020,5,27,881.1
Light Jacket,Jacket,Polyester,2024,10,21,462.8
Light Jacket,Jacket,Polyester,2021,11,10,516.2
Slip-On Sneakers,Shoes,Canvas,2024,1,11,381.9
Formal Shirt,Shirt,Cotton,2023,12,25,335.4
Cargo Pants,Pants,Cotton,2021,7,28,285.6
Winter Coat,Jacket,Wool,2022,1,30,989.4
Raincoat,Jacket,Polyester,2022,2,24,414.4
Zip Hoodie,Sweatshirt,Cotton,2022,1,23,121.5
Oversized Hoodie,Sweatshirt,Cotton,2021,2,4,79.8
Chino Pants,Pants,Cotton,2021,5,2,14.1
Knitted Sweater,Sweater,Wool,2021,5,8,354.0
Shorts,Shorts,Denim,2024,5,25,199.5
Light Jacket,Jacket,Polyester,2023,3,8,62.3
Tracksuit Pants,Pants,Polyester,2020,12,18,6.3
Raincoat,Jacket,Polyester,2020,3,31,266.4
Cargo Pants,Pants,Cotton,2022,4,30,158.1
Winter Coat,Jacket,Wool,2023,11,24,550.8
Summer Dress,Dress,Linen,2024,5,14,247.5
Slim Fit Jeans,Jeans,Denim,2024,3,10,422.5
Cargo Pants,Pants,Cotton,2022,7,19,453.9
Winter Coat,Jacket,Wool,2022,12,7,765.0
Winter Coat,Jacket,Wool,2020,5,3,163.2
Chino Pants,Pants,Cotton,2024,9,18,385.4
Light Jacket,Jacket,Polyester,2023,8,2,498.4
Basic T-shirt,T-shirt,Cotton,2020,10,31,98.7
Cargo Pants,Pants,Cotton,2020,9,23,188.7
Formal Shirt,Shirt,Cotton,2020,2,20,319.8
Formal Shirt,Shirt,Cotton,2020,2,24,35.1
Slip-On Sneakers,Shoes,Canvas,2024,3,16,319.2
Formal Shirt,Shirt,Cotton,2020,7,7,273.0
Tracksuit Pants,Pants,Polyester,2023,5,19,81.9
Zip Hoodie,Sweatshirt,Cotton,2020,9,20,391.5
Knitted Sweater,Sweater,Wool,2023,12,18,498.0
Zip Hoodie,Sweatshirt,Cotton,2023,5,17,238.5
Tracksuit Pants,Pants,Polyester,2021,5,10,308.7
Summer Dress,Dress,Linen,2022,9,5,188.1
Oversized Hoodie,Sweatshirt,Cotton,2020,8,27,113.4
Shorts,Shorts,Denim,2023,4,27,315.0
Light Jacket,Jacket,Polyester,2022,1,26,115.7
Light Jacket,Jacket,Polyester,2021,12,27,231.4
Slip-On Sneakers,Shoes,Canvas,2020,8,15,68.4
Tracksuit Pants,Pants,Polyester,2020,1,8,352.8
Oversized Hoodie,Sweatshirt,Cotton,2021,4,25,168.0
Shorts,Shorts,Denim,2022,9,25,28.0
Raincoat,Jacket,Polyester,2023,3,20,532.8
Knitted Sweater,Sweater,Wool,2021,9,2,486.0
Shorts,Shorts,Denim,2020,3,24,14.0
Shorts,Shorts,Denim,2021,7,20,217.0
Chino Pants,Pants,Cotton,2022,6,15,164.5
Summer Dress,Dress,Linen,2024,11,15,330.0
Tank Top,T-shirt,Cotton,2022,9,5,124.2
Running Shoes,Shoes,Synthetic,2020,4,22,627.0
Tank Top,T-shirt,Cotton,2020,12,21,106.2
Slip-On Sneakers,Shoes,Canvas,2021,8,28,433.2
Summer Dress,Dress,Linen,2021,1,8,217.8
Knitted Sweater,Sweater,Wool,2023,9,10,588.0
Raincoat,Jacket,Polyester,2023,9,27,651.2
Shorts,Shorts,Denim,2023,2,20,178.5
Chino Pants,Pants,Cotton,2022,9,4,188.0
Oversized Hoodie,Sweatshirt,Cotton,2020,2,5,79.8
Light Jacket,Jacket,Polyester,2022,10,7,418.3
Leather Boots,Shoes,Leather,2021,6,14,770.0
Leather Boots,Shoes,Leather,2024,12,5,198.0
Tracksuit Pants,Pants,Polyester,2020,8,6,113.4
Slim Fit Jeans,Jeans,Denim,2022,7,21,377.0
Slip-On Sneakers,Shoes,Canvas,2022,8,19,239.4
Winter Coat,Jacket,Wool,2023,1,14,173.4
Basic T-shirt,T-shirt,Cotton,2023,12,27,144.9
Running Shoes,Shoes,Synthetic,2021,2,16,760.0
Oversized Hoodie,Sweatshirt,Cotton,2024,7,17,252.0
Basic T-shirt,T-shirt,Cotton,2021,8,3,174.3
Tracksuit Pants,Pants,Polyester,2021,6,28,560.7
Slip-On Sneakers,Shoes,Canvas,2020,2,14,296.4
Light Jacket,Jacket,Polyester,2020,8,17,783.2
Shorts,Shorts,Denim,2021,10,21,280.0
Slip-On Sneakers,Shoes,Canvas,2023,7,29,330.6
Shorts,Shorts,Denim,2020,7,6,224.0
Summer Dress,Dress,Linen,2022,12,20,250.8
Slim Fit Jeans,Jeans,Denim,2024,11,24,162.5
Slim Fit Jeans,Jeans,Denim,2020,12,13,513.5
Slim Fit Jeans,Jeans,Denim,2020,8,26,104.0
Tracksuit Pants,Pants,Polyester,2023,2,10,252.0
Printed T-shirt,T-shirt,Organic Cotton,2024,3,22,39.9
Cargo Pants,Pants,Cotton,2022,12,28,153.0
Printed T-shirt,T-shirt,Organic Cotton,2024,11,7,22.8
Winter Coat,Jacket,Wool,2022,10,28,907.8
Slip-On Sneakers,Shoes,Canvas,2024,9,17,319.2
Shorts,Shorts,Denim,2021,6,30,63.0
Slip-On Sneakers,Shoes,Canvas,2021,8,8,182.4
Shorts,Shorts,Denim,2020,5,22,119.0
Basic T-shirt,T-shirt,Cotton,2020,4,26,117.6
Leather Boots,Shoes,Leather,2023,6,5,671.0
Raincoat,Jacket,Polyester,2022,5,14,66.6
Printed T-shirt,T-shirt,Organic Cotton,2021,1,14,188.1
Slim Fit Jeans,Jeans,Denim,2023,10,22,533.0
Raincoat,Jacket,Polyester,2024,8,13,399.6
Winter Coat,Jacket,Wool,2021,12,27,673.2
Denim Jacket,Jacket,Denim,2020,10,30,226.2
Slim Fit Jeans,Jeans,Denim,2021,4,14,305.5
Tank Top,T-shirt,Cotton,2020,5,17,75.6
Printed T-shirt,T-shirt,Organic Cotton,2024,7,25,55.1
Cargo Pants,Pants,Cotton,2021,6,11,453.9
Tracksuit Pants,Pants,Polyester,2024,12,30,308.7
Formal Shirt,Shirt,Cotton,2020,8,7,343.2
Shorts,Shorts,Denim,2024,2,8,3.5
Leather Boots,Shoes,Leather,2022,8,24,374.0
Leather Boots,Shoes,Leather,2024,5,9,297.0
Cargo Pants,Pants,Cotton,2024,6,22,453.9
Knitted Sweater,Sweater,Wool,2023,7,27,510.0
Knitted Sweater,Sweater,Wool,2020,3,12,354.0
Basic T-shirt,T-shirt,Cotton,2023,1,1,35.7
Formal Shirt,Shirt,Cotton,2021,4,19,323.7
Leather Boots,Shoes,Leather,2020,7,21,990.0
Raincoat,Jacket,Polyester,2023,7,3,192.4
Summer Dress,Dress,Linen,2022,11,22,42.9
Chino Pants,Pants,Cotton,2021,5,24,296.1
Light Jacket,Jacket,Polyester,2023,3,23,204.7
Winter Coat,Jacket,Wool,2022,10,13,928.2
Shorts,Shorts,Denim,2023,8,10,287.0
Raincoat,Jacket,Polyester,2023,7,3,384.8
Raincoat,Jacket,Polyester,2023,2,7,717.8
Knitted Sweater,Sweater,Wool,2020,2,18,114.0
Cargo Pants,Pants,Cotton,2022,5,21,40.8
Knitted Sweater,Sweater,Wool,2021,8,21,474.0
Light Jacket,Jacket,Polyester,2022,5,30,231.4
Running Shoes,Shoes,Synthetic,2023,5,10,589.0
Raincoat,Jacket,Polyester,2023,5,4,251.6
Light Jacket,Jacket,Polyester,2022,11,7,373.8
Cargo Pants,Pants,Cotton,2024,5,21,367.2
Zip Hoodie,Sweatshirt,Cotton,2024,1,2,153.0
Basic T-shirt,T-shirt,Cotton,2023,10,8,151.2
Light Jacket,Jacket,Polyester,2023,9,15,881.1
Tank Top,T-shirt,Cotton,2022,1,29,61.2
Light Jacket,Jacket,Polyester,2024,3,16,329.3
Oversized Hoodie,Sweatshirt,Cotton,2020,10,11,222.6
Knitted Sweater,Sweater,Wool,2023,12,15,24.0
Slip-On Sneakers,Shoes,Canvas,2022,9,7,530.1
Zip Hoodie,Sweatshirt,Cotton,2020,9,23,229.5
Chino Pants,Pants,Cotton,2022,10,4,310.2
Knitted Sweater,Sweater,Wool,2020,2,27,48.0
Shorts,Shorts,Denim,2022,4,20,38.5
Slim Fit Jeans,Jeans,Denim,2021,5,26,383.5
Leather Boots,Shoes,Leather,2020,6,20,869.0
Winter Coat,Jacket,Wool,2020,3,22,1009.8
Oversized Hoodie,Sweatshirt,Cotton,2020,3,27,42.0
Slim Fit Jeans,Jeans,Denim,2024,8,22,487.5
Winter Coat,Jacket,Wool,2021,9,20,408.0
Zip Hoodie,Sweatshirt,Cotton,2020,7,4,274.5
Winter Coat,Jacket,Wool,2023,6,25,428.4
Denim Jacket,Jacket,Denim,2024,10,19,631.8
Tracksuit Pants,Pants,Polyester,2021,12,28,201.6
Shorts,Shorts,Denim,2021,11,1,105.0
Printed T-shirt,T-shirt,Organic Cotton,2021,5,23,76.0
Zip Hoodie,Sweatshirt,Cotton,2021,9,18,189.0
Leather Boots,Shoes,Leather,2024,1,2,836.0
Formal Shirt,Shirt,Cotton,2020,1,10,128.7
Chino Pants,Pants,Cotton,2024,11,23,89.3
Denim Jacket,Jacket,Denim,2021,5,9,85.8
Knitted Sweater,Sweater,Wool,2021,6,15,156.0
Denim Jacket,Jacket,Denim,2020,10,9,553.8
Shorts,Shorts,Denim,2024,6,16,35.0
Knitted Sweater,Sweater,Wool,2021,10,9,546.0
Denim Jacket,Jacket,Denim,2021,3,8,39.0
Printed T-shirt,T-shirt,Organic Cotton,2022,7,1,98.8
Light Jacket,Jacket,Polyester,2024,6,6,801.0
Chino Pants,Pants,Cotton,2021,9,28,437.1
Leather Boots,Shoes,Leather,2023,7,29,726.0
Tank Top,T-shirt,Cotton,2024,6,14,79.2
Oversized Hoodie,Sweatshirt,Cotton,2020,6,19,42.0
Chino Pants,Pants,Cotton,2024,8,13,75.2
Tank Top,T-shirt,Cotton,2022,12,8,165.6
Zip Hoodie,Sweatshirt,Cotton,2024,8,22,265.5
Shorts,Shorts,Denim,2020,1,21,77.0
Raincoat,Jacket,Polyester,2022,7,27,518.0
Printed T-shirt,T-shirt,Organic Cotton,2020,8,12,3.8
Leather Boots,Shoes,Leather,2021,5,13,308.0
Shorts,Shorts,Denim,2022,11,28,133.0
Running Shoes,Shoes,Synthetic,2021,9,22,427.5
Leather Boots,Shoes,Leather,2021,6,28,77.0
Basic T-shirt,T-shirt,Cotton,2020,2,29,170.1
Tank Top,T-shirt,Cotton,2024,5,18,10.8
Oversized Hoodie,Sweatshirt,Cotton,2021,2,26,172.2
Leather Boots,Shoes,Leather,2022,7,15,165.0
Light Jacket,Jacket,Polyester,2021,5,20,222.5
Printed T-shirt,T-shirt,Organic Cotton,2020,3,2,155.8
Shorts,Shorts,Denim,2020,10,4,269.5
Basic T-shirt,T-shirt,Cotton,2023,11,6,119.7
Basic T-shirt,T-shirt,Cotton,2024,2,1,151.2
Formal Shirt,Shirt,Cotton,2021,4,10,89.7
Zip Hoodie,Sweatshirt,Cotton,2024,9,11,9.0
Cargo Pants,Pants,Cotton,2021,4,3,45.9
Cargo Pants,Pants,Cotton,2020,2,2,214.2
Oversized Hoodie,Sweatshirt,Cotton,2023,3,27,281.4
Running Shoes,Shoes,Synthetic,2023,1,9,237.5
Basic T-shirt,T-shirt,Cotton,2022,3,26,147.0
Winter Coat,Jacket,Wool,2021,7,26,346.8
Knitted Sweater,Sweater,Wool,2023,1,16,312.0
Tracksuit Pants,Pants,Polyester,2022,12,21,434.7
Running Shoes,Shoes,Synthetic,2022,8,11,114.0
Formal Shirt,Shirt,Cotton,2021,1,3,284.7
Cargo Pants,Pants,Cotton,2022,3,17,408.0
Tracksuit Pants,Pants,Polyester,2021,3,2,25.2
Slim Fit Jeans,Jeans,Denim,2022,11,25,266.5
Chino Pants,Pants,Cotton,2020,10,23,192.7
Slim Fit Jeans,Jeans,Denim,2022,3,23,344.5
Slip-On Sneakers,Shoes,Canvas,2024,1,31,347.7
Tracksuit Pants,Pants,Polyester,2024,8,30,56.7
Slim Fit Jeans,Jeans,Denim,2024,6,22,110.5
Raincoat,Jacket,Polyester,2023,2,11,518.0
Zip Hoodie,Sweatshirt,Cotton,2022,3,8,157.5
Slim Fit Jeans,Jeans,Denim,2023,4,27,182.0
Leather Boots,Shoes,Leather,2021,2,1,1001.0
Leather Boots,Shoes,Leather,2022,2,17,737.0
Slip-On Sneakers,Shoes,Canvas,2020,2,16,199.5
Zip Hoodie,Sweatshirt,Cotton,2021,1,25,301.5
Zip Hoodie,Sweatshirt,Cotton,2024,2,25,94.5
Oversized Hoodie,Sweatshirt,Cotton,2021,4,15,113.4
Denim Jacket,Jacket,Denim,2022,9,10,54.6
Knitted Sweater,Sweater,Wool,2023,9,9,222.0
Cargo Pants,Pants,Cotton,2020,1,31,66.3
Slim Fit Jeans,Jeans,Denim,2024,9,13,591.5
Raincoat,Jacket,Polyester,2023,4,17,451.4
Printed T-shirt,T-shirt,Organic Cotton,2020,12,24,138.7
Light Jacket,Jacket,Polyester,2022,8,17,756.5
Chino Pants,Pants,Cotton,2022,4,9,42.3
Summer Dress,Dress,Linen,2020,9,17,214.5
Formal Shirt,Shirt,Cotton,2022,8,30,257.4
Winter Coat,Jacket,Wool,2023,9,14,571.2
Slip-On Sneakers,Shoes,Canvas,2024,7,31,182.4
Tank Top,T-shirt,Cotton,2024,9,29,61.2
Winter Coat,Jacket,Wool,2022,4,7,510.0
Slip-On Sneakers,Shoes,Canvas,2024,7,1,171.0
Shorts,Shorts,Denim,2022,2,11,49.0
Shorts,Shorts,Denim,2021,1,5,283.5
Winter Coat,Jacket,Wool,2024,7,7,102.0
Raincoat,Jacket,Polyester,2020,2,22,562.4
Slim Fit Jeans,Jeans,Denim,2022,10,8,637.0
Light Jacket,Jacket,Polyester,2022,7,31,720.9
Chino Pants,Pants,Cotton,2023,8,20,277.3
Tracksuit Pants,Pants,Polyester,2021,12,20,75.6
Summer Dress,Dress,Linen,2024,12,24,287.1
Running Shoes,Shoes,Synthetic,2020,3,16,722.0
Shorts,Shorts,Denim,2022,12,9,150.5
Slip-On Sneakers,Shoes,Canvas,2020,9,22,125.4
Leather Boots,Shoes,Leather,2022,5,30,1012.0
Chino Pants,Pants,Cotton,2022,6,25,296.1
Knitted Sweater,Sweater,Wool,2024,3,15,24.0
Running Shoes,Shoes,Synthetic,2022,10,23,152.0
Running Shoes,Shoes,Synthetic,2021,8,10,38.0
Oversized Hoodie,Sweatshirt,Cotton,2023,3,4,176.4
Tracksuit Pants,Pants,Polyester,2023,7,4,535.5
Chino Pants,Pants,Cotton,2021,1,5,178.6
Oversized Hoodie,Sweatshirt,Cotton,2024,2,24,92.4
Winter Coat,Jacket,Wool,2022,7,21,530.4
Tank Top,T-shirt,Cotton,2023,7,28,156.6
Light Jacket,Jacket,Polyester,2022,8,24,649.7
Slip-On Sneakers,Shoes,Canvas,2022,9,27,62.7
Slim Fit Jeans,Jeans,Denim,2023,10,4,52.0
Running Shoes,Shoes,Synthetic,2020,2,8,47.5
Leather Boots,Shoes,Leather,2021,7,4,253.0
Formal Shirt,Shirt,Cotton,2023,1,6,312.0
Summer Dress,Dress,Linen,2024,1,9,9.9
Summer Dress,Dress,Linen,2022,7,20,102.3
Chino Pants,Pants,Cotton,2024,10,2,211.5
Slim Fit Jeans,Jeans,Denim,2024,2,14,19.5
Tracksuit Pants,Pants,Polyester,2022,6,21,163.8
Cargo Pants,Pants,Cotton,2022,3,17,117.3
Oversized Hoodie,Sweatshirt,Cotton,2021,4,20,214.2
Denim Jacket,Jacket,Denim,2020,3,24,319.8
Tank Top,T-shirt,Cotton,2020,1,10,124.2
Shorts,Shorts,Denim,2024,7,29,238.0
Slim Fit Jeans,Jeans,Denim,2020,11,28,357.5
Running Shoes,Shoes,Synthetic,2021,3,30,826.5
Tank Top,T-shirt,Cotton,2022,11,29,45.0
Slim Fit Jeans,Jeans,Denim,2024,9,13,507.0
Knitted Sweater,Sweater,Wool,2024,9,22,318.0
Tracksuit Pants,Pants,Polyester,2022,3,27,346.5
Tank Top,T-shirt,Cotton,2021,7,10,79.2
Basic T-shirt,T-shirt,Cotton,2023,3,2,23.1
Raincoat,Jacket,Polyester,2022,8,25,155.4
Denim Jacket,Jacket,Denim,2022,5,31,546.0
Tracksuit Pants,Pants,Polyester,2022,11,8,592.2
Shorts,Shorts,Denim,2022,10,28,80.5
Raincoat,Jacket,Polyester,2021,7,1,710.4
Leather Boots,Shoes,Leather,2022,9,12,495.0
Tank Top,T-shirt,Cotton,2023,12,20,91.8
Knitted Sweater,Sweater,Wool,2023,2,3,222.0
Winter Coat,Jacket,Wool,2021,5,6,714.0
Tracksuit Pants,Pants,Polyester,2023,1,20,182.7
Basic T-shirt,T-shirt,Cotton,2021,6,26,178.5
Running Shoes,Shoes,Synthetic,2020,5,28,864.5
Knitted Sweater,Sweater,Wool,2024,11,30,126.0
Slip-On Sneakers,Shoes,Canvas,2021,6,24,188.1
Basic T-shirt,T-shirt,Cotton,2022,10,1,44.1
Formal Shirt,Shirt,Cotton,2024,8,7,58.5
Cargo Pants,Pants,Cotton,2021,3,25,76.5
Slim Fit Jeans,Jeans,Denim,2022,2,26,149.5
Light Jacket,Jacket,Polyester,2020,5,19,534.0
Tank Top,T-shirt,Cotton,2023,1,29,7.2
Running Shoes,Shoes,Synthetic,2020,4,28,66.5
Formal Shirt,Shirt,Cotton,2022,12,19,370.5
Printed T-shirt,T-shirt,Organic Cotton,2023,8,7,87.4
Tank Top,T-shirt,Cotton,2023,5,4,27.0
Summer Dress,Dress,Linen,2021,11,24,161.7
Knitted Sweater,Sweater,Wool,2023,8,31,228.0
Chino Pants,Pants,Cotton,2020,6,18,437.1
Zip Hoodie,Sweatshirt,Cotton,2022,6,22,202.5
Raincoat,Jacket,Polyester,2022,5,25,673.4
Raincoat,Jacket,Polyester,2024,1,31,562.4
Denim Jacket,Jacket,Denim,2021,6,29,156.0
Slim Fit Jeans,Jeans,Denim,2024,10,21,279.5
Knitted Sweater,Sweater,Wool,2021,12,21,54.0
Slip-On Sneakers,Shoes,Canvas,2023,7,16,233.7
Denim Jacket,Jacket,Denim,2023,3,25,148.2
Light Jacket,Jacket,Polyester,2024,4,13,614.1
Formal Shirt,Shirt,Cotton,2021,2,22,354.9
Winter Coat,Jacket,Wool,2021,4,22,805.8
Denim Jacket,Jacket,Denim,2022,12,16,772.2
Leather Boots,Shoes,Leather,2021,2,20,242.0
Cargo Pants,Pants,Cotton,2024,10,5,423.3
Raincoat,Jacket,Polyester,2022,3,30,466.2
Slim Fit Jeans,Jeans,Denim,2021,12,19,448.5
Basic T-shirt,T-shirt,Cotton,2020,6,3,100.8
Cargo Pants,Pants,Cotton,2021,5,24,142.8
Tank Top,T-shirt,Cotton,2022,3,22,118.8
Running Shoes,Shoes,Synthetic,2023,4,21,522.5
Summer Dress,Dress,Linen,2023,5,6,204.6
Oversized Hoodie,Sweatshirt,Cotton,2021,11,28,319.2
Slim Fit Jeans,Jeans,Denim,2023,6,5,650.0
Zip Hoodie,Sweatshirt,Cotton,2020,10,12,432.0
Denim Jacket,Jacket,Denim,2022,8,20,93.6
Oversized Hoodie,Sweatshirt,Cotton,2020,1,17,16.8
Running Shoes,Shoes,Synthetic,2021,1,10,237.5
Tank Top,T-shirt,Cotton,2024,1,15,93.6
Zip Hoodie,Sweatshirt,Cotton,2024,1,1,297.0
Running Shoes,Shoes,Synthetic,2021,7,9,684.0
Light Jacket,Jacket,Polyester,2022,2,26,809.9
Tank Top,T-shirt,Cotton,2022,3,20,55.8
Summer Dress,Dress,Linen,2020,5,25,59.4
Shorts,Shorts,Denim,2023,11,5,14.0
Knitted Sweater,Sweater,Wool,2023,7,13,492.0
Leather Boots,Shoes,Leather,2020,4,25,495.0
Basic T-shirt,T-shirt,Cotton,2024,4,28,186.9
Tank Top,T-shirt,Cotton,2023,6,25,73.8
Basic T-shirt,T-shirt,Cotton,2023,4,12,205.8
Summer Dress,Dress,Linen,2022,12,26,310.2
Knitted Sweater,Sweater,Wool,2024,5,30,534.0
Slim Fit Jeans,Jeans,Denim,2024,4,3,487.5
Tank Top,T-shirt,Cotton,2024,7,23,158.4
Light Jacket,Jacket,Polyester,2023,11,14,489.5
Light Jacket,Jacket,Polyester,2022,4,11,649.7
Basic T-shirt,T-shirt,Cotton,2024,12,9,4.2
Zip Hoodie,Sweatshirt,Cotton,2024,5,6,346.5
Winter Coat,Jacket,Wool,2022,4,16,234.6
Slim Fit Jeans,Jeans,Denim,2022,4,8,123.5
Leather Boots,Shoes,Leather,2024,7,11,737.0
Shorts,Shorts,Denim,2023,12,6,185.5
Denim Jacket,Jacket,Denim,2024,8,14,569.4
Leather Boots,Shoes,Leather,2022,8,18,825.0
Shorts,Shorts,Denim,2024,7,18,115.5
Slim Fit Jeans,Jeans,Denim,2024,2,26,650.0
Knitted Sweater,Sweater,Wool,2024,12,11,420.0
Raincoat,Jacket,Polyester,2023,4,30,140.6
Denim Jacket,Jacket,Denim,2021,10,25,460.2
Slip-On Sneakers,Shoes,Canvas,2022,3,16,410.4
Cargo Pants,Pants,Cotton,2023,9,20,331.5
Oversized Hoodie,Sweatshirt,Cotton,2023,8,8,327.6
Shorts,Shorts,Denim,2023,4,19,178.5
Knitted Sweater,Sweater,Wool,2021,6,17,378.0
Slim Fit Jeans,Jeans,Denim,2024,2,2,526.5
Leather Boots,Shoes,Leather,2024,2,23,231.0
Running Shoes,Shoes,Synthetic,2024,9,20,475.0
Light Jacket,Jacket,Polyester,2021,7,15,293.7
Light Jacket,Jacket,Polyester,2020,1,19,765.4
Light Jacket,Jacket,Polyester,2024,6,18,534.0
Tank Top,T-shirt,Cotton,2020,11,5,55.8
Chino Pants,Pants,Cotton,2024,5,21,28.2
Oversized Hoodie,Sweatshirt,Cotton,2021,4,5,58.8
Light Jacket,Jacket,Polyester,2024,7,26,836.6
Slip-On Sneakers,Shoes,Canvas,2020,3,17,484.5
Slim Fit Jeans,Jeans,Denim,2020,8,21,214.5
Cargo Pants,Pants,Cotton,2022,4,29,229.5
Slim Fit Jeans,Jeans,Denim,2020,8,21,325.0
Shorts,Shorts,Denim,2024,6,14,280.0
Chino Pants,Pants,Cotton,2024,8,9,98.7
Slip-On Sneakers,Shoes,Canvas,2023,1,3,359.1
Denim Jacket,Jacket,Denim,2024,11,27,358.8
Shorts,Shorts,Denim,2024,8,24,178.5
Tracksuit Pants,Pants,Polyester,2024,8,20,459.9
Denim Jacket,Jacket,Denim,2023,9,30,327.6
Oversized Hoodie,Sweatshirt,Cotton,2022,12,21,340.2
Slim Fit Jeans,Jeans,Denim,2024,7,13,13.0
Slip-On Sneakers,Shoes,Canvas,2024,7,13,222.3
Tank Top,T-shirt,Cotton,2020,7,22,21.6
Slim Fit Jeans,Jeans,Denim,2020,1,2,617.5
Zip Hoodie,Sweatshirt,Cotton,2021,7,29,180.0
Shorts,Shorts,Denim,2023,4,26,343.0
Running Shoes,Shoes,Synthetic,2024,5,25,560.5
Light Jacket,Jacket,Polyester,2022,2,23,738.7
Leather Boots,Shoes,Leather,2021,4,2,913.0
Cargo Pants,Pants,Cotton,2023,9,24,336.6
Basic T-shirt,T-shirt,Cotton,2022,10,24,98.7
Tank Top,T-shirt,Cotton,2024,11,20,23.4
Cargo Pants,Pants,Cotton,2022,6,1,183.6
Winter Coat,Jacket,Wool,2020,8,21,336.6
Printed T-shirt,T-shirt,Organic Cotton,2024,4,4,81.7
Cargo Pants,Pants,Cotton,2023,6,24,367.2
Shorts,Shorts,Denim,2021,4,1,3.5
Formal Shirt,Shirt,Cotton,2021,4,16,179.4
Cargo Pants,Pants,Cotton,2023,8,6,270.3
Summer Dress,Dress,Linen,2023,10,2,181.5
Tank Top,T-shirt,Cotton,2023,7,1,27.0
Slim Fit Jeans,Jeans,Denim,2021,5,27,442.0
Tracksuit Pants,Pants,Polyester,2021,8,27,258.3
Printed T-shirt,T-shirt,Organic Cotton,2021,2,11,57.0
Chino Pants,Pants,Cotton,2024,9,8,230.3
Running Shoes,Shoes,Synthetic,2021,12,11,9.5
Tracksuit Pants,Pants,Polyester,2022,10,4,113.4
Formal Shirt,Shirt,Cotton,2022,5,25,46.8
Running Shoes,Shoes,Synthetic,2022,11,23,123.5
Light Jacket,Jacket,Polyester,2021,3,25,489.5
Cargo Pants,Pants,Cotton,2022,4,9,76.5
Tank Top,T-shirt,Cotton,2023,9,27,120.6
Printed T-shirt,T-shirt,Organic Cotton,2023,9,26,39.9
Running Shoes,Shoes,Synthetic,2021,3,17,446.5
Summer Dress,Dress,Linen,2024,9,10,148.5
Running Shoes,Shoes,Synthetic,2024,3,9,693.5
Cargo Pants,Pants,Cotton,2024,3,25,20.4
Running Shoes,Shoes,Synthetic,2021,3,29,589.0
Shorts,Shorts,Denim,2024,5,18,241.5
Summer Dress,Dress,Linen,2020,2,2,9.9
Denim Jacket,Jacket,Denim,2024,9,11,702.0
Running Shoes,Shoes,Synthetic,2021,2,15,788.5
Oversized Hoodie,Sweatshirt,Cotton,2021,4,16,231.0
Winter Coat,Jacket,Wool,2023,11,10,907.8
Printed T-shirt,T-shirt,Organic Cotton,2022,1,28,26.6
Knitted Sweater,Sweater,Wool,2020,1,10,264.0
Summer Dress,Dress,Linen,2023,3,19,290.4
Raincoat,Jacket,Polyester,2024,6,15,325.6
Running Shoes,Shoes,Synthetic,2023,4,20,494.0
Shorts,Shorts,Denim,2024,3,24,126.0
Winter Coat,Jacket,Wool,2024,5,2,805.8
Raincoat,Jacket,Polyester,2020,6,2,214.6
Formal Shirt,Shirt,Cotton,2023,6,8,175.5
Leather Boots,Shoes,Leather,2024,5,1,1012.0
Light Jacket,Jacket,Polyester,2020,2,29,685.3
Slim Fit Jeans,Jeans,Denim,2022,12,23,143.0
Chino Pants,Pants,Cotton,2023,6,28,465.3
Zip Hoodie,Sweatshirt,Cotton,2024,12,9,256.5
Leather Boots,Shoes,Leather,2024,10,2,605.0
Shorts,Shorts,Denim,2022,3,27,3.5
Knitted Sweater,Sweater,Wool,2020,5,19,120.0
Slip-On Sneakers,Shoes,Canvas,2024,2,6,153.9
Formal Shirt,Shirt,Cotton,2024,9,20,335.4
Formal Shirt,Shirt,Cotton,2022,3,17,50.7
Denim Jacket,Jacket,Denim,2022,4,19,717.6
Formal Shirt,Shirt,Cotton,2023,9,12,109.2
Leather Boots,Shoes,Leather,2023,9,5,792.0
Slim Fit Jeans,Jeans,Denim,2024,5,13,253.5
Cargo Pants,Pants,Cotton,2021,8,23,168.3
Tracksuit Pants,Pants,Polyester,2024,8,12,245.7
Cargo Pants,Pants,Cotton,2022,9,1,285.6
Tracksuit Pants,Pants,Polyester,2021,11,13,264.6
Running Shoes,Shoes,Synthetic,2021,3,7,57.0
Tracksuit Pants,Pants,Polyester,2021,9,28,466.2
Formal Shirt,Shirt,Cotton,2021,8,26,152.1
Denim Jacket,Jacket,Denim,2021,6,25,296.4
Summer Dress,Dress,Linen,2021,6,22,66.0
Knitted Sweater,Sweater,Wool,2021,6,14,522.0
Formal Shirt,Shirt,Cotton,2022,6,24,362.7
Knitted Sweater,Sweater,Wool,2020,12,11,36.0
Slip-On Sneakers,Shoes,Canvas,2020,7,8,153.9
Slim Fit Jeans,Jeans,Denim,2021,10,11,435.5
Leather Boots,Shoes,Leather,2024,3,7,66.0
Light Jacket,Jacket,Polyester,2022,4,30,712.0
Summer Dress,Dress,Linen,2023,7,6,56.1
Winter Coat,Jacket,Wool,2020,1,22,316.2
Winter Coat,Jacket,Wool,2023,7,3,683.4
Chino Pants,Pants,Cotton,2022,6,8,314.9
Slim Fit Jeans,Jeans,Denim,2020,6,20,279.5
Tank Top,T-shirt,Cotton,2020,2,8,7.2
Running Shoes,Shoes,Synthetic,2020,12,11,817.0
Printed T-shirt,T-shirt,Organic Cotton,2023,6,17,104.5
Denim Jacket,Jacket,Denim,2021,8,15,46.8
Formal Shirt,Shirt,Cotton,2020,3,20,195.0
Zip Hoodie,Sweatshirt,Cotton,2024,11,17,396.0
Light Jacket,Jacket,Polyester,2023,9,13,436.1
Raincoat,Jacket,Polyester,2021,8,12,51.8
Summer Dress,Dress,Linen,2021,4,14,178.2
Slip-On Sneakers,Shoes,Canvas,2023,4,18,359.1
Printed T-shirt,T-shirt,Organic Cotton,2023,5,13,142.5
Oversized Hoodie,Sweatshirt,Cotton,2022,11,13,184.8
Knitted Sweater,Sweater,Wool,2024,6,18,504.0
Chino Pants,Pants,Cotton,2021,1,2,314.9
Formal Shirt,Shirt,Cotton,2024,9,5,39.0
Raincoat,Jacket,Polyester,2024,7,1,643.8
Printed T-shirt,T-shirt,Organic Cotton,2022,3,20,62.7
Basic T-shirt,T-shirt,Cotton,2024,5,12,77.7
Running Shoes,Shoes,Synthetic,2020,3,7,950.0
Denim Jacket,Jacket,Denim,2020,6,23,624.0
Tank Top,T-shirt,Cotton,2021,6,1,160.2
Leather Boots,Shoes,Leather,2022,6,9,143.0
Slim Fit Jeans,Jeans,Denim,2021,8,31,403.0
Running Shoes,Shoes,Synthetic,2020,12,25,674.5
Cargo Pants,Pants,Cotton,2021,3,3,30.6
Knitted Sweater,Sweater,Wool,2023,10,10,426.0
Slip-On Sneakers,Shoes,Canvas,2020,1,21,370.5
Basic T-shirt,T-shirt,Cotton,2021,8,31,197.4
Summer Dress,Dress,Linen,2022,2,20,42.9
Denim Jacket,Jacket,Denim,2021,6,9,600.6
Printed T-shirt,T-shirt,Organic Cotton,2023,11,28,19.0
Slip-On Sneakers,Shoes,Canvas,2020,12,24,473.1
Tracksuit Pants,Pants,Polyester,2022,2,11,459.9
Basic T-shirt,T-shirt,Cotton,2024,1,19,60.9
Basic T-shirt,T-shirt,Cotton,2022,4,11,180.6
Tracksuit Pants,Pants,Polyester,2020,1,9,340.2
Shorts,Shorts,Denim,2024,4,14,346.5
Denim Jacket,Jacket,Denim,2024,9,14,54.6
Knitted Sweater,Sweater,Wool,2024,2,23,504.0
Printed T-shirt,T-shirt,Organic Cotton,2022,4,28,39.9
Oversized Hoodie,Sweatshirt,Cotton,2021,3,30,331.8
Zip Hoodie,Sweatshirt,Cotton,2022,7,14,315.0
Running Shoes,Shoes,Synthetic,2021,11,15,237.5
Shorts,Shorts,Denim,2022,11,4,115.5
Knitted Sweater,Sweater,Wool,2024,8,7,192.0
Leather Boots,Shoes,Leather,2023,10,6,880.0
Cargo Pants,Pants,Cotton,2021,6,11,469.2
Running Shoes,Shoes,Synthetic,2023,7,19,446.5
Running Shoes,Shoes,Synthetic,2023,3,30,617.5
Chino Pants,Pants,Cotton,2023,8,5,465.3
Printed T-shirt,T-shirt,Organic Cotton,2024,10,26,131.1
Basic T-shirt,T-shirt,Cotton,2023,9,17,29.4
Running Shoes,Shoes,Synthetic,2021,3,23,209.0
Summer Dress,Dress,Linen,2024,2,20,95.7
Slim Fit Jeans,Jeans,Denim,2020,11,29,507.0
Knitted Sweater,Sweater,Wool,2021,3,24,204.0
Printed T-shirt,T-shirt,Organic Cotton,2021,6,11,155.8
Knitted Sweater,Sweater,Wool,2021,6,19,36.0
Slim Fit Jeans,Jeans,Denim,2024,4,21,130.0
Formal Shirt,Shirt,Cotton,2024,1,13,218.4
Winter Coat,Jacket,Wool,2021,9,9,530.4
Winter Coat,Jacket,Wool,2024,5,13,816.0
Leather Boots,Shoes,Leather,2021,2,9,396.0
Running Shoes,Shoes,Synthetic,2024,6,26,589.0
Cargo Pants,Pants,Cotton,2023,6,19,382.5
Cargo Pants,Pants,Cotton,2021,12,31,255.0
Oversized Hoodie,Sweatshirt,Cotton,2020,5,5,142.8
Formal Shirt,Shirt,Cotton,2020,6,3,105.3
Leather Boots,Shoes,Leather,2022,7,18,66.0
Summer Dress,Dress,Linen,2021,7,4,3.3
Shorts,Shorts,Denim,2024,8,26,224.0
Raincoat,Jacket,Polyester,2024,5,25,414.4
Winter Coat,Jacket,Wool,2022,5,17,795.6
Formal Shirt,Shirt,Cotton,2024,1,14,382.2
Raincoat,Jacket,Polyester,2021,1,31,377.4
Light Jacket,Jacket,Polyester,2021,8,15,97.9
Denim Jacket,Jacket,Denim,2024,1,28,709.8
Winter Coat,Jacket,Wool,2021,11,21,744.6
Knitted Sweater,Sweater,Wool,2022,5,29,96.0
Knitted Sweater,Sweater,Wool,2024,9,15,42.0
Shorts,Shorts,Denim,2022,6,7,91.0
Chino Pants,Pants,Cotton,2020,8,18,418.3
Knitted Sweater,Sweater,Wool,2022,9,5,138.0
Cargo Pants,Pants,Cotton,2023,11,6,147.9
Light Jacket,Jacket,Polyester,2023,6,22,792.1
Summer Dress,Dress,Linen,2021,12,11,214.5
Denim Jacket,Jacket,Denim,2022,6,19,382.2
Formal Shirt,Shirt,Cotton,2023,7,15,284.7
Slim Fit Jeans,Jeans,Denim,2021,1,12,422.5
Chino Pants,Pants,Cotton,2021,2,10,460.6
Light Jacket,Jacket,Polyester,2020,9,25,320.4
Basic T-shirt,T-shirt,Cotton,2023,2,14,2.1
Leather Boots,Shoes,Leather,2022,1,31,308.0
Leather Boots,Shoes,Leather,2020,4,21,935.0
Cargo Pants,Pants,Cotton,2023,10,21,86.7
Denim Jacket,Jacket,Denim,2020,5,17,592.8
Running Shoes,Shoes,Synthetic,2022,5,6,931.0
Cargo Pants,Pants,Cotton,2024,7,17,51.0
Denim Jacket,Jacket,Denim,2021,1,30,608.4
Printed T-shirt,T-shirt,Organic Cotton,2022,5,3,96.9
Formal Shirt,Shirt,Cotton,2023,1,13,89.7
Oversized Hoodie,Sweatshirt,Cotton,2023,5,20,268.8
Printed T-shirt,T-shirt,Organic Cotton,2021,5,12,19.0
Cargo Pants,Pants,Cotton,2023,10,29,163.2
Shorts,Shorts,Denim,2021,1,22,276.5
Cargo Pants,Pants,Cotton,2023,12,6,362.1
Oversized Hoodie,Sweatshirt,Cotton,2021,6,15,415.8
Slip-On Sneakers,Shoes,Canvas,2024,3,19,273.6
Winter Coat,Jacket,Wool,2020,6,10,693.6
Denim Jacket,Jacket,Denim,2021,7,24,663.0
Formal Shirt,Shirt,Cotton,2023,3,7,218.4
Zip Hoodie,Sweatshirt,Cotton,2024,5,23,333.0
Zip Hoodie,Sweatshirt,Cotton,2023,12,25,130.5
Zip Hoodie,Sweatshirt,Cotton,2020,9,15,342.0
Raincoat,Jacket,Polyester,2020,8,28,703.0
Winter Coat,Jacket,Wool,2022,5,27,295.8
Zip Hoodie,Sweatshirt,Cotton,2022,6,27,229.5
Slip-On Sneakers,Shoes,Canvas,2021,11,12,136.8
Slim Fit Jeans,Jeans,Denim,2020,4,17,312.0
Shorts,Shorts,Denim,2024,11,2,210.0
Tank Top,T-shirt,Cotton,2020,11,26,133.2
Winter Coat,Jacket,Wool,2022,2,3,204.0
Printed T-shirt,T-shirt,Organic Cotton,2022,7,25,133.0
Zip Hoodie,Sweatshirt,Cotton,2022,9,4,166.5
Printed T-shirt,T-shirt,Organic Cotton,2023,5,9,32.3
Chino Pants,Pants,Cotton,2023,6,1,173.9
Oversized Hoodie,Sweatshirt,Cotton,2020,8,4,352.8
Raincoat,Jacket,Polyester,2021,4,9,488.4
Leather Boots,Shoes,Leather,2021,3,14,704.0
Slim Fit Jeans,Jeans,Denim,2024,1,8,318.5
Slim Fit Jeans,Jeans,Denim,2021,2,21,260.0
Leather Boots,Shoes,Leather,2024,3,9,880.0
Raincoat,Jacket,Polyester,2021,3,7,14.8
Tank Top,T-shirt,Cotton,2024,4,1,75.6
Chino Pants,Pants,Cotton,2022,5,9,390.1
Denim Jacket,Jacket,Denim,2020,8,3,507.0
Knitted Sweater,Sweater,Wool,2020,4,14,126.0
Basic T-shirt,T-shirt,Cotton,2024,9,4,138.6
Formal Shirt,Shirt,Cotton,2022,10,12,187.2
Raincoat,Jacket,Polyester,2023,1,29,29.6
Shorts,Shorts,Denim,2023,8,14,301.0
Knitted Sweater,Sweater,Wool,2022,6,11,186.0
Basic T-shirt,T-shirt,Cotton,2022,11,26,151.2
Slim Fit Jeans,Jeans,Denim,2023,7,8,546.0
Printed T-shirt,T-shirt,Organic Cotton,2024,12,14,157.7
Summer Dress,Dress,Linen,2024,9,12,16.5
Cargo Pants,Pants,Cotton,2024,9,30,290.7
Denim Jacket,Jacket,Denim,2024,9,18,452.4
Cargo Pants,Pants,Cotton,2020,10,26,168.3
Knitted Sweater,Sweater,Wool,2022,10,29,534.0
Tracksuit Pants,Pants,Polyester,2020,7,9,100.8
Knitted Sweater,Sweater,Wool,2020,5,25,372.0
Printed T-shirt,T-shirt,Organic Cotton,2022,1,20,9.5
Raincoat,Jacket,Polyester,2022,12,21,214.6
Printed T-shirt,T-shirt,Organic Cotton,2022,9,12,41.8
Printed T-shirt,T-shirt,Organic Cotton,2021,4,29,129.2
Summer Dress,Dress,Linen,2023,9,29,273.9
Leather Boots,Shoes,Leather,2023,11,26,682.0
Shorts,Shorts,Denim,2024,8,18,259.0
Tracksuit Pants,Pants,Polyester,2024,7,12,195.3
Printed T-shirt,T-shirt,Organic Cotton,2024,4,4,70.3
Slip-On Sneakers,Shoes,Canvas,2020,9,9,11.4
Slim Fit Jeans,Jeans,Denim,2024,4,3,520.0
Oversized Hoodie,Sweatshirt,Cotton,2021,10,7,285.6
Denim Jacket,Jacket,Denim,2023,8,25,460.2
Oversized Hoodie,Sweatshirt,Cotton,2023,1,12,222.6
Cargo Pants,Pants,Cotton,2024,1,16,357.0
Cargo Pants,Pants,Cotton,2020,3,29,209.1
Winter Coat,Jacket,Wool,2023,9,28,591.6
Printed T-shirt,T-shirt,Organic Cotton,2024,3,11,98.8
Oversized Hoodie,Sweatshirt,Cotton,2022,8,7,214.2
Basic T-shirt,T-shirt,Cotton,2022,1,19,77.7
Slip-On Sneakers,Shoes,Canvas,2021,3,9,262.2
Basic T-shirt,T-shirt,Cotton,2022,2,5,27.3
Knitted Sweater,Sweater,Wool,2022,7,1,240.0
Denim Jacket,Jacket,Denim,2023,12,4,304.2
Chino Pants,Pants,Cotton,2024,2,14,451.2
Summer Dress,Dress,Linen,2021,11,6,92.4
Slim Fit Jeans,Jeans,Denim,2020,3,24,19.5
Denim Jacket,Jacket,Denim,2023,12,19,600.6
Summer Dress,Dress,Linen,2022,8,5,303.6
Running Shoes,Shoes,Synthetic,2020,3,16,722.0
Running Shoes,Shoes,Synthetic,2022,12,12,85.5
Chino Pants,Pants,Cotton,2024,1,10,9.4
Raincoat,Jacket,Polyester,2020,9,23,333.0
Formal Shirt,Shirt,Cotton,2021,7,6,19.5
Light Jacket,Jacket,Polyester,2022,3,1,356.0
Raincoat,Jacket,Polyester,2023,11,18,717.8
Chino Pants,Pants,Cotton,2021,5,23,314.9
Raincoat,Jacket,Polyester,2023,4,9,540.2
Basic T-shirt,T-shirt,Cotton,2021,6,24,2.1
Cargo Pants,Pants,Cotton,2024,7,8,510.0
Cargo Pants,Pants,Cotton,2022,8,30,229.5
Shorts,Shorts,Denim,2020,6,7,112.0
Zip Hoodie,Sweatshirt,Cotton,2023,2,14,90.0
Knitted Sweater,Sweater,Wool,2020,9,28,108.0
Summer Dress,Dress,Linen,2023,6,5,82.5
Cargo Pants,Pants,Cotton,2020,9,22,397.8
Light Jacket,Jacket,Polyester,2024,12,18,151.3
Slim Fit Jeans,Jeans,Denim,2024,5,6,500.5
Running Shoes,Shoes,Synthetic,2021,7,23,437.0
Cargo Pants,Pants,Cotton,2020,1,16,459.0
Basic T-shirt,T-shirt,Cotton,2024,9,6,18.9
Tank Top,T-shirt,Cotton,2024,6,22,165.6
Knitted Sweater,Sweater,Wool,2022,6,5,240.0
Cargo Pants,Pants,Cotton,2023,11,3,260.1
Winter Coat,Jacket,Wool,2022,5,22,591.6
Leather Boots,Shoes,Leather,2021,12,17,671.0
Running Shoes,Shoes,Synthetic,2021,1,15,19.0
Chino Pants,Pants,Cotton,2021,9,29,418.3
Slim Fit Jeans,Jeans,Denim,2024,10,4,416.0
Basic T-shirt,T-shirt,Cotton,2020,5,2,23.1
Tank Top,T-shirt,Cotton,2023,5,1,1.8
Chino Pants,Pants,Cotton,2024,5,29,79.9
Knitted Sweater,Sweater,Wool,2023,12,28,570.0
Knitted Sweater,Sweater,Wool,2023,6,17,174.0
Shorts,Shorts,Denim,2023,4,30,126.0
Printed T-shirt,T-shirt,Organic Cotton,2021,1,10,39.9
Summer Dress,Dress,Linen,2020,7,4,148.5
Light Jacket,Jacket,Polyester,2020,6,25,640.8
Printed T-shirt,T-shirt,Organic Cotton,2021,4,17,81.7
Zip Hoodie,Sweatshirt,Cotton,2024,6,16,310.5
Oversized Hoodie,Sweatshirt,Cotton,2022,7,6,235.2
Winter Coat,Jacket,Wool,2023,3,16,224.4
Shorts,Shorts,Denim,2021,1,5,49.0
Denim Jacket,Jacket,Denim,2021,12,26,686.4
Formal Shirt,Shirt,Cotton,2024,11,25,308.1
Tank Top,T-shirt,Cotton,2020,6,11,100.8
Oversized Hoodie,Sweatshirt,Cotton,2021,3,23,37.8
Running Shoes,Shoes,Synthetic,2023,9,25,408.5
Winter Coat,Jacket,Wool,2022,3,13,765.0
Raincoat,Jacket,Polyester,2021,10,30,495.8
Shorts,Shorts,Denim,2023,6,25,294.0
Printed T-shirt,T-shirt,Organic Cotton,2020,5,24,100.7
Tracksuit Pants,Pants,Polyester,2021,12,12,598.5
Winter Coat,Jacket,Wool,2022,10,15,907.8
Tank Top,T-shirt,Cotton,2020,9,1,77.4
Chino Pants,Pants,Cotton,2020,1,18,183.3
Cargo Pants,Pants,Cotton,2022,4,21,127.5
Tracksuit Pants,Pants,Polyester,2021,7,23,497.7
Denim Jacket,Jacket,Denim,2020,4,4,585.0
Slim Fit Jeans,Jeans,Denim,2021,9,26,552.5
Running Shoes,Shoes,Synthetic,2020,8,15,779.0
Light Jacket,Jacket,Polyester,2023,4,22,213.6
Zip Hoodie,Sweatshirt,Cotton,2023,12,17,261.0
Chino Pants,Pants,Cotton,2023,3,13,282.0
Slim Fit Jeans,Jeans,Denim,2022,6,1,123.5
Winter Coat,Jacket,Wool,2022,10,6,663.0
Knitted Sweater,Sweater,Wool,2021,8,20,72.0
Raincoat,Jacket,Polyester,2023,3,5,125.8
Tracksuit Pants,Pants,Polyester,2023,11,3,189.0
Formal Shirt,Shirt,Cotton,2022,5,26,35.1
Winter Coat,Jacket,Wool,2023,4,24,703.8
Denim Jacket,Jacket,Denim,2022,12,2,62.4
Printed T-shirt,T-shirt,Organic Cotton,2023,12,17,47.5
Winter Coat,Jacket,Wool,2020,2,8,316.2
Tracksuit Pants,Pants,Polyester,2021,5,4,428.4
Raincoat,Jacket,Polyester,2023,8,23,532.8
Denim Jacket,Jacket,Denim,2022,4,29,241.8
Chino Pants,Pants,Cotton,2020,1,2,310.2
Slim Fit Jeans,Jeans,Denim,2022,12,26,546.0
Zip Hoodie,Sweatshirt,Cotton,2020,11,14,54.0
Basic T-shirt,T-shirt,Cotton,2024,6,23,39.9
Running Shoes,Shoes,Synthetic,2023,1,20,285.0
Summer Dress,Dress,Linen,2022,1,8,310.2
Light Jacket,Jacket,Polyester,2020,10,9,293.7
Raincoat,Jacket,Polyester,2024,12,4,340.4
Slim Fit Jeans,Jeans,Denim,2023,5,1,461.5
Tank Top,T-shirt,Cotton,2020,5,7,9.0
Summer Dress,Dress,Linen,2024,2,6,132.0
Knitted Sweater,Sweater,Wool,2021,9,6,240.0
Knitted Sweater,Sweater,Wool,2024,6,12,372.0
Light Jacket,Jacket,Polyester,2021,8,26,667.5
Basic T-shirt,T-shirt,Cotton,2023,11,8,193.2
Raincoat,Jacket,Polyester,2020,8,4,74.0
Light Jacket,Jacket,Polyester,2021,3,3,720.9
Chino Pants,Pants,Cotton,2020,1,20,286.7
Printed T-shirt,T-shirt,Organic Cotton,2020,5,25,83.6
Leather Boots,Shoes,Leather,2021,3,15,407.0
Tank Top,T-shirt,Cotton,2024,11,1,108.0
Zip Hoodie,Sweatshirt,Cotton,2023,11,27,333.0
Tracksuit Pants,Pants,Polyester,2024,1,2,170.1
Tank Top,T-shirt,Cotton,2023,11,25,88.2
Basic T-shirt,T-shirt,Cotton,2020,6,20,21.0
Shorts,Shorts,Denim,2021,9,8,203.0
Leather Boots,Shoes,Leather,2021,2,23,594.0
Shorts,Shorts,Denim,2021,1,13,301.0
Knitted Sweater,Sweater,Wool,2022,3,19,564.0
Chino Pants,Pants,Cotton,2022,8,6,150.4
Basic T-shirt,T-shirt,Cotton,2022,10,8,79.8
Formal Shirt,Shirt,Cotton,2021,7,3,249.6
Winter Coat,Jacket,Wool,2024,10,17,989.4
Slip-On Sneakers,Shoes,Canvas,2020,8,12,530.1
Light Jacket,Jacket,Polyester,2023,11,20,249.2
Tank Top,T-shirt,Cotton,2023,11,12,90.0
Raincoat,Jacket,Polyester,2021,3,16,59.2
Denim Jacket,Jacket,Denim,2024,2,1,764.4
Knitted Sweater,Sweater,Wool,2023,12,8,330.0
Tracksuit Pants,Pants,Polyester,2022,2,4,119.7
Oversized Hoodie,Sweatshirt,Cotton,2024,6,26,277.2
Denim Jacket,Jacket,Denim,2023,12,29,46.8
Printed T-shirt,T-shirt,Organic Cotton,2023,4,7,186.2
Zip Hoodie,Sweatshirt,Cotton,2022,10,26,418.5
Leather Boots,Shoes,Leather,2022,8,10,429.0
Cargo Pants,Pants,Cotton,2022,8,31,15.3
Tank Top,T-shirt,Cotton,2023,12,19,100.8
Slip-On Sneakers,Shoes,Canvas,2023,10,1,256.5
Winter Coat,Jacket,Wool,2022,6,11,285.6
Running Shoes,Shoes,Synthetic,2024,4,21,256.5
Tank Top,T-shirt,Cotton,2023,10,1,133.2
Running Shoes,Shoes,Synthetic,2022,8,28,836.0
Raincoat,Jacket,Polyester,2023,6,30,273.8
Tank Top,T-shirt,Cotton,2021,7,21,16.2
Summer Dress,Dress,Linen,2020,8,15,191.4
Leather Boots,Shoes,Leather,2023,10,28,737.0
Chino Pants,Pants,Cotton,2024,8,7,310.2
Chino Pants,Pants,Cotton,2021,10,17,94.0
Running Shoes,Shoes,Synthetic,2020,11,17,864.5
Chino Pants,Pants,Cotton,2024,12,27,249.1
Basic T-shirt,T-shirt,Cotton,2024,9,23,182.7
Knitted Sweater,Sweater,Wool,2022,5,29,174.0
Oversized Hoodie,Sweatshirt,Cotton,2020,10,5,46.2
Tank Top,T-shirt,Cotton,2020,12,4,140.4
Knitted Sweater,Sweater,Wool,2024,1,29,174.0
Shorts,Shorts,Denim,2021,8,21,178.5
Basic T-shirt,T-shirt,Cotton,2021,7,3,77.7
Light Jacket,Jacket,Polyester,2020,11,2,845.5
Leather Boots,Shoes,Leather,2022,6,1,1045.0
Leather Boots,Shoes,Leather,2023,10,5,979.0
Zip Hoodie,Sweatshirt,Cotton,2022,5,7,36.0
Cargo Pants,Pants,Cotton,2023,9,18,66.3
Denim Jacket,Jacket,Denim,2024,5,1,522.6
Raincoat,Jacket,Polyester,2022,9,25,111.0
Winter Coat,Jacket,Wool,2020,4,27,846.6
Leather Boots,Shoes,Leather,2021,10,13,55.0
Tank Top,T-shirt,Cotton,2021,9,19,9.0
Leather Boots,Shoes,Leather,2021,12,5,792.0
Printed T-shirt,T-shirt,Organic Cotton,2023,7,9,64.6
Running Shoes,Shoes,Synthetic,2024,3,14,209.0
Tracksuit Pants,Pants,Polyester,2021,8,10,277.2
Oversized Hoodie,Sweatshirt,Cotton,2023,2,11,378.0
Cargo Pants,Pants,Cotton,2020,3,13,86.7
Summer Dress,Dress,Linen,2022,2,24,145.2
Formal Shirt,Shirt,Cotton,2024,9,1,85.8
Basic T-shirt,T-shirt,Cotton,2021,8,22,203.7
Basic T-shirt,T-shirt,Cotton,2021,6,27,147.0
Shorts,Shorts,Denim,2023,7,30,255.5
Raincoat,Jacket,Polyester,2020,2,17,518.0
Tank Top,T-shirt,Cotton,2024,8,19,178.2
Shorts,Shorts,Denim,2020,2,19,231.0
Knitted Sweater,Sweater,Wool,2024,10,24,84.0
Slip-On Sneakers,Shoes,Canvas,2020,9,11,416.1
Knitted Sweater,Sweater,Wool,2020,2,3,72.0
Printed T-shirt,T-shirt,Organic Cotton,2022,10,19,87.4
Slim Fit Jeans,Jeans,Denim,2023,4,14,344.5
Zip Hoodie,Sweatshirt,Cotton,2022,8,24,184.5
Basic T-shirt,T-shirt,Cotton,2021,1,22,35.7
Formal Shirt,Shirt,Cotton,2022,8,24,128.7
Tracksuit Pants,Pants,Polyester,2022,6,4,81.9
Tank Top,T-shirt,Cotton,2022,5,2,127.8
Leather Boots,Shoes,Leather,2022,11,23,132.0
Raincoat,Jacket,Polyester,2020,4,16,148.0
Printed T-shirt,T-shirt,Organic Cotton,2021,12,19,20.9
Winter Coat,Jacket,Wool,2022,7,23,153.0
Shorts,Shorts,Denim,2023,4,28,150.5
Light Jacket,Jacket,Polyester,2024,6,26,240.3
Summer Dress,Dress,Linen,2023,5,18,69.3
Denim Jacket,Jacket,Denim,2024,11,19,335.4
Oversized Hoodie,Sweatshirt,Cotton,2024,4,28,113.4
Leather Boots,Shoes,Leather,2024,3,9,792.0
Oversized Hoodie,Sweatshirt,Cotton,2023,4,9,264.6
Tank Top,T-shirt,Cotton,2023,3,3,117.0
Knitted Sweater,Sweater,Wool,2022,6,29,282.0
Tracksuit Pants,Pants,Polyester,2022,12,7,384.3
Denim Jacket,Jacket,Denim,2024,7,14,678.6
Cargo Pants,Pants,Cotton,2024,8,24,5.1
Leather Boots,Shoes,Leather,2020,12,24,253.0
Cargo Pants,Pants,Cotton,2023,8,27,137.7
Cargo Pants,Pants,Cotton,2024,10,24,453.9
Tank Top,T-shirt,Cotton,2021,5,14,32.4
Formal Shirt,Shirt,Cotton,2020,6,22,253.5
Knitted Sweater,Sweater,Wool,2023,1,27,306.0
Raincoat,Jacket,Polyester,2023,6,4,518.0
Tracksuit Pants,Pants,Polyester,2023,8,16,554.4
Raincoat,Jacket,Polyester,2023,11,8,451.4
Formal Shirt,Shirt,Cotton,2021,7,27,66.3
Printed T-shirt,T-shirt,Organic Cotton,2023,10,4,93.1
Running Shoes,Shoes,Synthetic,2020,3,13,750.5
Cargo Pants,Pants,Cotton,2024,5,21,290.7
Cargo Pants,Pants,Cotton,2021,3,21,255.0
Slim Fit Jeans,Jeans,Denim,2022,6,24,292.5
Chino Pants,Pants,Cotton,2023,12,21,404.2
Leather Boots,Shoes,Leather,2020,11,15,836.0
Slip-On Sneakers,Shoes,Canvas,2024,5,5,570.0
Summer Dress,Dress,Linen,2022,9,29,66.0
Shorts,Shorts,Denim,2024,6,23,287.0
Oversized Hoodie,Sweatshirt,Cotton,2024,12,30,357.0
Shorts,Shorts,Denim,2024,8,13,178.5
Oversized Hoodie,Sweatshirt,Cotton,2023,10,5,42.0
Basic T-shirt,T-shirt,Cotton,2020,1,1,180.6
Oversized Hoodie,Sweatshirt,Cotton,2020,6,2,71.4
Running Shoes,Shoes,Synthetic,2023,1,28,76.0
Raincoat,Jacket,Polyester,2021,3,2,325.6
Running Shoes,Shoes,Synthetic,2023,10,28,807.5
Printed T-shirt,T-shirt,Organic Cotton,2021,12,28,167.2
Raincoat,Jacket,Polyester,2020,11,20,81.4
Light Jacket,Jacket,Polyester,2021,12,26,489.5
Summer Dress,Dress,Linen,2022,7,12,214.5
Basic T-shirt,T-shirt,Cotton,2020,7,27,178.5
Cargo Pants,Pants,Cotton,2020,4,24,270.3
Shorts,Shorts,Denim,2024,4,19,322.0
Printed T-shirt,T-shirt,Organic Cotton,2021,3,8,17.1
Denim Jacket,Jacket,Denim,2024,11,11,460.2
Tracksuit Pants,Pants,Polyester,2024,12,23,25.2
Shorts,Shorts,Denim,2021,10,31,133.0
Leather Boots,Shoes,Leather,2023,9,10,220.0
Slim Fit Jeans,Jeans,Denim,2022,7,15,39.0
Denim Jacket,Jacket,Denim,2021,8,13,764.4
Shorts,Shorts,Denim,2020,2,19,143.5
Cargo Pants,Pants,Cotton,2020,2,18,168.3
Chino Pants,Pants,Cotton,2020,8,6,155.1
Slip-On Sneakers,Shoes,Canvas,2024,5,25,364.8
Printed T-shirt,T-shirt,Organic Cotton,2022,10,19,19.0
Leather Boots,Shoes,Leather,2020,9,25,44.0
Chino Pants,Pants,Cotton,2023,8,9,98.7
Denim Jacket,Jacket,Denim,2024,4,21,249.6
Shorts,Shorts,Denim,2023,4,27,206.5
Basic T-shirt,T-shirt,Cotton,2020,8,8,54.6
Winter Coat,Jacket,Wool,2023,3,8,856.8
Denim Jacket,Jacket,Denim,2023,7,28,273.0
