Product Name,Category,Material,Year,Month,Day,Total_Emissions
Cargo Pants,Pants,Denim,2024,6,6,31.2
Tank Top,Shirts,Cotton,2021,11,20,49.68
Classic T-Shirt,Shirts,Cotton,2023,9,23,41.74
Formal Shirt,Shirts,Denim,2022,1,5,32.47
Tank Top,Shirts,Cotton,2024,1,19,49.34
Cargo Pants,Pants,Denim,2022,2,4,7.21
Running Shoes,Shoes,Denim,2021,2,9,12.22
Running Shoes,Shoes,Denim,2021,6,14,94.93
Leather Boots,Shoes,Cotton,2021,11,17,75.44
Shorts,Pants,Cotton,2020,6,21,11.04
Chino Pants,Pants,Polyester,2022,1,1,58.91
Formal Shirt,Shirts,Denim,2023,3,7,90.85
Slip-On Sneakers,Shoes,Leather,2021,1,23,64.69
Denim Jeans,Pants,Denim,2020,3,18,66.79
Cargo Pants,Pants,Leather,2021,5,26,23.28
Slip-On Sneakers,Shoes,Leather,2020,5,31,9.06
Denim Jeans,Pants,Cotton,2020,4,5,10.01
Tank Top,Shirts,Denim,2022,1,25,1.38
Polo Shirt,Shirts,Cotton,2023,4,26,95.79
Slip-On Sneakers,Shoes,Denim,2022,1,11,7.41
Denim Jeans,Pants,Polyester,2021,9,29,76.73
Shorts,Pants,Polyester,2022,12,24,55.03
Shorts,Pants,Polyester,2023,12,10,50.48
Formal Shirt,Shirts,Polyester,2024,7,23,9.67
Leather Boots,Shoes,Polyester,2020,3,25,2.29
Shorts,Pants,Polyester,2023,6,11,7.42
Running Shoes,Shoes,Polyester,2022,12,28,1.92
Chino Pants,Pants,Polyester,2022,12,14,97.24
Formal Shirt,Shirts,Cotton,2020,1,26,15.74
Formal Shirt,Shirts,Polyester,2024,1,31,60.37
Shorts,Pants,Leather,2021,2,15,41.77
Chino Pants,Pants,Polyester,2024,11,21,74.05
Formal Shirt,Shirts,Leather,2021,7,22,64.02
Leather Boots,Shoes,Polyester,2021,8,27,92.17
Running Shoes,Shoes,Polyester,2022,2,15,67.74
Leather Boots,Shoes,Denim,2023,9,18,23.61
Classic T-Shirt,Shirts,Leather,2023,4,13,44.18
Classic T-Shirt,Shirts,Cotton,2022,11,1,51.59
Sandals,Shoes,Cotton,2023,3,6,97.2
Polo Shirt,Shirts,Leather,2021,3,21,1.25
Formal Shirt,Shirts,Leather,2020,5,31,7.42
Classic T-Shirt,Shirts,Denim,2023,9,30,84.8
Shorts,Pants,Polyester,2020,8,5,94.6
Sandals,Shoes,Leather,2021,4,11,76.83
Chino Pants,Pants,Leather,2023,5,19,65.46
Cargo Pants,Pants,Polyester,2022,10,26,81.69
Leather Boots,Shoes,Leather,2022,5,29,1.23
Formal Shirt,Shirts,Denim,2024,9,2,26.03
Sandals,Shoes,Denim,2022,3,25,33.7
Denim Jeans,Pants,Leather,2024,4,6,10.96
Classic T-Shirt,Shirts,Polyester,2020,4,27,64.87
Leather Boots,Shoes,Denim,2024,5,28,82.71
Tank Top,Shirts,Polyester,2022,6,28,36.17
Polo Shirt,Shirts,Leather,2021,10,20,22.43
Denim Jeans,Pants,Denim,2023,3,21,48.07
Running Shoes,Shoes,Denim,2024,4,30,23.13
Sandals,Shoes,Denim,2021,4,24,37.37
Formal Shirt,Shirts,Polyester,2023,11,6,74.16
Slip-On Sneakers,Shoes,Leather,2021,7,18,46.61
Running Shoes,Shoes,Denim,2022,7,18,8.06
Denim Jeans,Pants,Denim,2024,9,14,34.18
Formal Shirt,Shirts,Cotton,2022,6,29,61.4
Slip-On Sneakers,Shoes,Cotton,2023,10,23,70.54
Shorts,Pants,Leather,2021,3,21,87.11
Shorts,Pants,Cotton,2024,8,31,1.55
Polo Shirt,Shirts,Leather,2022,1,23,30.57
Formal Shirt,Shirts,Leather,2020,11,24,75.17
Classic T-Shirt,Shirts,Polyester,2023,7,26,86.47
Chino Pants,Pants,Polyester,2020,1,3,89.77
Formal Shirt,Shirts,Denim,2020,8,2,40.52
Sandals,Shoes,Polyester,2020,9,14,44.39
Shorts,Pants,Cotton,2020,3,13,39.32
Shorts,Pants,Cotton,2020,11,3,23.28
Denim Jeans,Pants,Polyester,2021,3,31,15.62
Tank Top,Shirts,Cotton,2024,10,17,1.26
Cargo Pants,Pants,Polyester,2023,1,6,76.86
Formal Shirt,Shirts,Denim,2022,4,10,97.98
Sandals,Shoes,Denim,2024,5,3,82.78
Chino Pants,Pants,Leather,2023,7,4,19.39
Classic T-Shirt,Shirts,Polyester,2021,7,8,76.49
Running Shoes,Shoes,Cotton,2023,8,12,19.73
Slip-On Sneakers,Shoes,Leather,2021,5,30,34.68
Polo Shirt,Shirts,Cotton,2024,1,5,61.25
Shorts,Pants,Denim,2021,7,19,69.29
Shorts,Pants,Cotton,2022,7,28,39.42
Formal Shirt,Shirts,Polyester,2022,10,10,27.67
Shorts,Pants,Leather,2022,5,15,94.48
Sandals,Shoes,Denim,2021,11,30,31.14
Polo Shirt,Shirts,Denim,2020,11,18,58.87
Running Shoes,Shoes,Polyester,2022,4,22,43.03
Classic T-Shirt,Shirts,Denim,2021,8,26,34.91
Shorts,Pants,Cotton,2023,7,9,42.29
Shorts,Pants,Polyester,2022,11,16,76.32
Leather Boots,Shoes,Cotton,2022,8,21,86.39
Leather Boots,Shoes,Leather,2022,11,21,52.06
Sandals,Shoes,Denim,2021,6,7,29.84
Running Shoes,Shoes,Denim,2021,1,22,22.29
Classic T-Shirt,Shirts,Denim,2021,11,25,95.86
Chino Pants,Pants,Cotton,2023,2,27,99.78
Denim Jeans,Pants,Denim,2020,1,14,55.43
Cargo Pants,Pants,Cotton,2022,12,19,74.99
Chino Pants,Pants,Denim,2022,6,11,73.87
Slip-On Sneakers,Shoes,Cotton,2024,1,4,30.69
Tank Top,Shirts,Cotton,2021,12,22,86.01
Cargo Pants,Pants,Polyester,2023,3,6,34.88
Tank Top,Shirts,Polyester,2022,11,28,79.54
Shorts,Pants,Denim,2021,1,23,47.92
Classic T-Shirt,Shirts,Cotton,2020,11,22,26.43
Tank Top,Shirts,Polyester,2022,4,21,10.47
Tank Top,Shirts,Polyester,2020,1,6,11.47
Denim Jeans,Pants,Leather,2021,4,8,27.03
Denim Jeans,Pants,Denim,2023,1,13,40.25
Shorts,Pants,Denim,2023,4,26,74.31
Shorts,Pants,Leather,2022,11,21,32.48
Denim Jeans,Pants,Polyester,2021,4,19,50.06
Formal Shirt,Shirts,Cotton,2020,1,8,85.69
Running Shoes,Shoes,Cotton,2023,6,13,99.16
Slip-On Sneakers,Shoes,Leather,2020,11,18,5.7
Running Shoes,Shoes,Polyester,2023,3,30,10.9
Polo Shirt,Shirts,Polyester,2022,7,31,23.35
Shorts,Pants,Polyester,2021,4,4,36.48
Leather Boots,Shoes,Leather,2022,4,30,15.05
Shorts,Pants,Leather,2020,10,27,78.7
Formal Shirt,Shirts,Polyester,2024,4,22,37.87
Classic T-Shirt,Shirts,Cotton,2023,4,14,7.12
Polo Shirt,Shirts,Polyester,2021,4,2,72.68
Denim Jeans,Pants,Denim,2021,4,19,35.62
Running Shoes,Shoes,Leather,2023,9,26,49.39
Leather Boots,Shoes,Polyester,2024,12,12,71.0
Formal Shirt,Shirts,Denim,2021,3,25,54.74
Classic T-Shirt,Shirts,Leather,2022,12,12,25.73
Slip-On Sneakers,Shoes,Leather,2021,12,10,75.53
Sandals,Shoes,Leather,2022,8,20,43.29
Leather Boots,Shoes,Denim,2020,12,11,94.17
Slip-On Sneakers,Shoes,Denim,2022,11,18,96.78
Shorts,Pants,Polyester,2024,12,16,4.19
Slip-On Sneakers,Shoes,Denim,2022,9,30,48.38
Polo Shirt,Shirts,Denim,2024,12,14,9.05
Chino Pants,Pants,Cotton,2024,12,2,42.76
Running Shoes,Shoes,Cotton,2020,8,25,15.9
Formal Shirt,Shirts,Denim,2020,7,26,56.14
Slip-On Sneakers,Shoes,Denim,2021,1,29,66.78
Chino Pants,Pants,Leather,2020,9,11,94.99
Chino Pants,Pants,Denim,2023,12,8,34.36
Slip-On Sneakers,Shoes,Denim,2023,3,15,51.33
Shorts,Pants,Denim,2020,7,28,87.64
Shorts,Pants,Polyester,2021,3,6,25.87
Running Shoes,Shoes,Cotton,2022,10,28,65.17
Chino Pants,Pants,Polyester,2022,11,7,17.31
Cargo Pants,Pants,Polyester,2022,1,24,35.91
Leather Boots,Shoes,Denim,2020,3,27,79.33
Polo Shirt,Shirts,Leather,2023,9,3,5.23
Denim Jeans,Pants,Leather,2020,11,16,63.74
Chino Pants,Pants,Leather,2024,3,23,76.65
Running Shoes,Shoes,Denim,2024,12,26,81.77
Chino Pants,Pants,Denim,2024,9,15,45.89
Cargo Pants,Pants,Polyester,2022,3,7,71.45
Leather Boots,Shoes,Polyester,2024,2,16,16.99
Slip-On Sneakers,Shoes,Leather,2020,2,13,62.12
Leather Boots,Shoes,Denim,2021,4,27,87.27
Cargo Pants,Pants,Denim,2020,2,25,88.33
Denim Jeans,Pants,Polyester,2023,6,10,43.54
Polo Shirt,Shirts,Polyester,2023,7,9,28.1
Running Shoes,Shoes,Leather,2023,8,23,84.98
Shorts,Pants,Denim,2020,7,10,26.04
Classic T-Shirt,Shirts,Polyester,2024,9,12,9.38
Formal Shirt,Shirts,Cotton,2020,4,15,44.83
Cargo Pants,Pants,Cotton,2023,6,4,51.99
Shorts,Pants,Cotton,2023,4,4,7.38
Running Shoes,Shoes,Leather,2024,2,6,46.2
Formal Shirt,Shirts,Denim,2023,7,8,29.65
Sandals,Shoes,Cotton,2020,5,19,51.52
Formal Shirt,Shirts,Polyester,2024,4,14,41.19
Leather Boots,Shoes,Cotton,2021,4,18,96.49
Denim Jeans,Pants,Cotton,2023,12,11,53.15
Denim Jeans,Pants,Leather,2024,9,10,18.23
Tank Top,Shirts,Polyester,2020,8,20,37.27
Chino Pants,Pants,Denim,2024,9,11,36.14
Classic T-Shirt,Shirts,Denim,2024,9,2,40.83
Tank Top,Shirts,Cotton,2023,12,2,95.89
Classic T-Shirt,Shirts,Polyester,2022,6,2,97.73
Tank Top,Shirts,Cotton,2023,2,23,94.26
Formal Shirt,Shirts,Polyester,2021,8,24,70.86
Slip-On Sneakers,Shoes,Cotton,2022,12,3,3.83
Shorts,Pants,Leather,2020,9,11,41.44
Cargo Pants,Pants,Cotton,2023,10,26,93.18
Cargo Pants,Pants,Cotton,2021,9,8,82.88
Denim Jeans,Pants,Leather,2020,4,5,66.32
Cargo Pants,Pants,Polyester,2020,10,11,26.7
Classic T-Shirt,Shirts,Polyester,2022,12,24,51.0
Cargo Pants,Pants,Polyester,2020,4,24,68.07
Classic T-Shirt,Shirts,Leather,2023,5,23,61.36
Tank Top,Shirts,Cotton,2024,11,25,50.18
Leather Boots,Shoes,Denim,2022,4,6,2.2
Leather Boots,Shoes,Cotton,2022,5,6,47.61
Classic T-Shirt,Shirts,Polyester,2024,7,21,27.34
Shorts,Pants,Polyester,2020,11,3,69.72
Running Shoes,Shoes,Leather,2020,1,11,54.7
Polo Shirt,Shirts,Denim,2024,4,16,78.9
Sandals,Shoes,Denim,2024,3,4,57.97
Denim Jeans,Pants,Leather,2020,1,10,70.24
Slip-On Sneakers,Shoes,Cotton,2023,2,1,83.85
Running Shoes,Shoes,Cotton,2023,3,4,53.42
Tank Top,Shirts,Cotton,2024,8,21,95.19
Sandals,Shoes,Leather,2024,8,9,31.94
Cargo Pants,Pants,Cotton,2024,8,3,75.3
Leather Boots,Shoes,Leather,2023,9,15,52.32
Slip-On Sneakers,Shoes,Cotton,2020,3,15,8.84
Denim Jeans,Pants,Denim,2023,10,3,30.74
Sandals,Shoes,Denim,2020,8,1,62.86
Running Shoes,Shoes,Polyester,2024,5,8,65.08
Chino Pants,Pants,Leather,2020,6,19,8.11
Running Shoes,Shoes,Polyester,2024,7,28,40.28
Shorts,Pants,Denim,2021,1,28,6.72
Slip-On Sneakers,Shoes,Polyester,2020,6,13,51.65
Polo Shirt,Shirts,Cotton,2022,10,11,19.26
Classic T-Shirt,Shirts,Leather,2024,2,4,74.66
Sandals,Shoes,Leather,2020,7,6,42.13
Running Shoes,Shoes,Polyester,2024,12,5,32.3
Classic T-Shirt,Shirts,Denim,2021,3,13,64.8
Denim Jeans,Pants,Polyester,2024,4,3,65.2
Slip-On Sneakers,Shoes,Cotton,2020,4,16,72.77
Formal Shirt,Shirts,Leather,2020,1,22,89.65
Running Shoes,Shoes,Polyester,2022,12,27,38.71
Sandals,Shoes,Cotton,2021,5,24,47.7
Classic T-Shirt,Shirts,Leather,2022,11,4,84.88
Leather Boots,Shoes,Polyester,2020,1,21,86.56
Polo Shirt,Shirts,Leather,2022,9,30,22.58
Denim Jeans,Pants,Cotton,2021,1,15,62.92
Tank Top,Shirts,Denim,2022,9,8,41.73
Sandals,Shoes,Cotton,2020,9,22,59.55
Sandals,Shoes,Denim,2021,7,8,55.29
Tank Top,Shirts,Leather,2022,8,20,30.49
Polo Shirt,Shirts,Leather,2024,12,17,79.5
Tank Top,Shirts,Denim,2023,10,19,51.96
Chino Pants,Pants,Leather,2022,7,1,27.12
Shorts,Pants,Leather,2023,1,6,64.89
Sandals,Shoes,Leather,2020,2,12,66.43
Cargo Pants,Pants,Cotton,2023,8,8,44.01
Sandals,Shoes,Polyester,2023,3,26,43.98
Slip-On Sneakers,Shoes,Leather,2022,1,16,18.74
Denim Jeans,Pants,Denim,2020,3,26,65.39
Denim Jeans,Pants,Polyester,2022,11,24,91.42
Running Shoes,Shoes,Cotton,2022,7,29,6.09
Sandals,Shoes,Leather,2023,6,12,73.68
Sandals,Shoes,Leather,2022,10,11,33.48
Classic T-Shirt,Shirts,Polyester,2023,5,29,90.86
Sandals,Shoes,Denim,2024,10,12,9.36
Cargo Pants,Pants,Leather,2021,1,27,6.5
Chino Pants,Pants,Leather,2024,12,27,53.06
Shorts,Pants,Polyester,2024,5,19,93.81
Cargo Pants,Pants,Polyester,2021,12,18,97.03
Leather Boots,Shoes,Cotton,2023,7,22,24.2
Shorts,Pants,Denim,2020,6,15,85.24
Running Shoes,Shoes,Polyester,2020,9,1,66.04
Polo Shirt,Shirts,Denim,2022,6,26,64.9
Polo Shirt,Shirts,Denim,2020,6,29,85.68
Slip-On Sneakers,Shoes,Denim,2021,12,24,93.17
Classic T-Shirt,Shirts,Polyester,2022,4,24,44.37
Slip-On Sneakers,Shoes,Denim,2022,8,22,6.22
Leather Boots,Shoes,Cotton,2021,5,8,55.2
Denim Jeans,Pants,Polyester,2022,11,15,21.01
Running Shoes,Shoes,Cotton,2022,1,14,85.48
Denim Jeans,Pants,Leather,2020,12,21,72.41
Leather Boots,Shoes,Leather,2024,5,24,93.17
Shorts,Pants,Cotton,2021,6,27,49.04
Sandals,Shoes,Leather,2022,12,19,92.42
Leather Boots,Shoes,Polyester,2020,11,14,88.98
Chino Pants,Pants,Cotton,2020,1,30,9.89
Chino Pants,Pants,Denim,2023,9,8,96.71
Formal Shirt,Shirts,Cotton,2021,9,27,14.26
Polo Shirt,Shirts,Cotton,2022,11,22,43.21
Chino Pants,Pants,Cotton,2020,9,6,86.02
Formal Shirt,Shirts,Leather,2020,12,15,45.97
Chino Pants,Pants,Cotton,2023,5,9,13.76
Running Shoes,Shoes,Cotton,2022,7,12,31.57
Running Shoes,Shoes,Leather,2022,9,16,47.61
Slip-On Sneakers,Shoes,Cotton,2022,12,28,69.62
Formal Shirt,Shirts,Leather,2021,7,4,64.29
Chino Pants,Pants,Leather,2020,11,12,30.26
Running Shoes,Shoes,Denim,2023,1,26,35.49
Chino Pants,Pants,Polyester,2021,5,17,13.97
Shorts,Pants,Denim,2022,2,16,51.97
Running Shoes,Shoes,Polyester,2022,4,15,61.17
Sandals,Shoes,Cotton,2023,9,20,21.37
Formal Shirt,Shirts,Polyester,2022,4,11,99.26
Running Shoes,Shoes,Leather,2024,12,17,15.08
Sandals,Shoes,Cotton,2021,2,23,72.16
Polo Shirt,Shirts,Leather,2024,1,3,65.09
Tank Top,Shirts,Leather,2022,1,25,80.09
Denim Jeans,Pants,Cotton,2020,6,5,61.76
Shorts,Pants,Polyester,2024,9,5,72.89
Cargo Pants,Pants,Denim,2023,1,21,54.1
Sandals,Shoes,Polyester,2024,1,4,65.11
Classic T-Shirt,Shirts,Leather,2022,3,30,32.94
Classic T-Shirt,Shirts,Leather,2021,5,31,48.16
Running Shoes,Shoes,Cotton,2024,10,9,3.6
Chino Pants,Pants,Cotton,2022,8,29,43.13
Shorts,Pants,Leather,2020,2,1,95.83
Formal Shirt,Shirts,Polyester,2022,1,10,84.24
Cargo Pants,Pants,Polyester,2023,1,5,93.37
Denim Jeans,Pants,Leather,2021,3,12,31.6
Formal Shirt,Shirts,Denim,2023,6,28,68.08
Polo Shirt,Shirts,Denim,2024,6,7,61.3
Cargo Pants,Pants,Denim,2021,12,21,21.24
Slip-On Sneakers,Shoes,Denim,2022,5,29,17.41
Cargo Pants,Pants,Leather,2024,2,17,30.66
Chino Pants,Pants,Denim,2020,3,15,54.2
Tank Top,Shirts,Denim,2024,5,25,34.66
Chino Pants,Pants,Cotton,2022,7,11,48.94
Classic T-Shirt,Shirts,Denim,2024,10,30,86.97
Tank Top,Shirts,Leather,2020,7,4,80.29
Polo Shirt,Shirts,Polyester,2024,12,27,55.12
Shorts,Pants,Denim,2020,4,9,18.98
Shorts,Pants,Leather,2024,1,12,70.38
Shorts,Pants,Denim,2022,7,3,78.54
Tank Top,Shirts,Cotton,2022,9,18,44.58
Slip-On Sneakers,Shoes,Polyester,2020,2,11,82.74
Chino Pants,Pants,Polyester,2021,5,13,39.73
Tank Top,Shirts,Cotton,2022,5,13,92.92
Running Shoes,Shoes,Polyester,2021,11,19,6.04
Cargo Pants,Pants,Polyester,2021,11,13,49.54
Slip-On Sneakers,Shoes,Polyester,2023,10,25,87.44
Leather Boots,Shoes,Leather,2023,6,20,85.53
Tank Top,Shirts,Cotton,2024,8,13,79.84
Polo Shirt,Shirts,Leather,2024,5,19,50.97
Classic T-Shirt,Shirts,Cotton,2022,8,24,82.25
Cargo Pants,Pants,Polyester,2023,4,28,49.14
Formal Shirt,Shirts,Denim,2023,4,27,84.92
Denim Jeans,Pants,Leather,2023,10,21,75.34
Formal Shirt,Shirts,Cotton,2023,1,25,43.34
Tank Top,Shirts,Cotton,2020,6,4,13.41
Tank Top,Shirts,Cotton,2020,9,13,47.99
Leather Boots,Shoes,Cotton,2021,10,28,8.83
Slip-On Sneakers,Shoes,Polyester,2022,10,11,88.93
Running Shoes,Shoes,Polyester,2023,7,24,6.24
Polo Shirt,Shirts,Polyester,2022,2,1,84.07
Denim Jeans,Pants,Cotton,2020,1,27,37.28
Shorts,Pants,Polyester,2022,8,19,92.31
Running Shoes,Shoes,Cotton,2020,12,23,81.27
Chino Pants,Pants,Leather,2024,2,21,88.06
Slip-On Sneakers,Shoes,Cotton,2022,2,25,15.87
Denim Jeans,Pants,Cotton,2022,8,14,86.02
Sandals,Shoes,Polyester,2020,9,10,80.11
Chino Pants,Pants,Leather,2021,4,11,61.54
Shorts,Pants,Denim,2022,1,12,84.84
Chino Pants,Pants,Polyester,2020,11,11,81.21
Sandals,Shoes,Leather,2024,7,11,12.17
Running Shoes,Shoes,Polyester,2023,10,25,41.7
Chino Pants,Pants,Leather,2021,7,28,88.5
Denim Jeans,Pants,Denim,2024,3,2,95.71
Shorts,Pants,Polyester,2022,10,12,47.94
Chino Pants,Pants,Leather,2024,8,29,27.52
Slip-On Sneakers,Shoes,Denim,2021,10,25,83.89
Polo Shirt,Shirts,Denim,2021,8,3,94.81
Formal Shirt,Shirts,Leather,2024,9,29,20.04
Polo Shirt,Shirts,Denim,2020,7,8,11.41
Cargo Pants,Pants,Leather,2023,9,29,10.53
Formal Shirt,Shirts,Denim,2024,1,14,44.25
Formal Shirt,Shirts,Leather,2024,12,16,11.89
Formal Shirt,Shirts,Polyester,2022,1,29,57.56
Classic T-Shirt,Shirts,Denim,2021,11,7,33.22
Chino Pants,Pants,Polyester,2024,12,14,11.31
Denim Jeans,Pants,Polyester,2023,3,19,64.03
Slip-On Sneakers,Shoes,Denim,2023,5,14,68.03
Polo Shirt,Shirts,Denim,2023,10,18,59.41
Tank Top,Shirts,Leather,2024,11,14,40.9
Formal Shirt,Shirts,Polyester,2024,8,17,96.76
Denim Jeans,Pants,Cotton,2024,11,12,20.94
Running Shoes,Shoes,Denim,2023,12,11,50.99
Running Shoes,Shoes,Cotton,2021,6,4,28.37
Sandals,Shoes,Cotton,2022,6,23,83.0
Polo Shirt,Shirts,Polyester,2022,12,28,25.11
Denim Jeans,Pants,Polyester,2024,6,6,5.71
Formal Shirt,Shirts,Cotton,2020,11,6,14.97
Sandals,Shoes,Cotton,2024,10,15,9.14
Formal Shirt,Shirts,Cotton,2021,1,18,34.22
Leather Boots,Shoes,Polyester,2022,9,26,42.72
Slip-On Sneakers,Shoes,Denim,2024,10,23,70.83
Cargo Pants,Pants,Cotton,2021,5,18,13.81
Denim Jeans,Pants,Polyester,2021,12,15,78.31
Running Shoes,Shoes,Cotton,2023,1,18,26.89
Tank Top,Shirts,Denim,2024,12,20,13.12
Classic T-Shirt,Shirts,Leather,2022,5,12,98.02
Slip-On Sneakers,Shoes,Leather,2022,2,20,50.42
Sandals,Shoes,Cotton,2021,1,30,23.2
Formal Shirt,Shirts,Denim,2022,7,27,28.95
Formal Shirt,Shirts,Polyester,2023,11,19,98.22
Denim Jeans,Pants,Leather,2023,5,25,78.45
Denim Jeans,Pants,Leather,2022,11,14,1.65
Classic T-Shirt,Shirts,Polyester,2022,3,26,1.92
Slip-On Sneakers,Shoes,Denim,2023,6,27,51.94
Leather Boots,Shoes,Polyester,2024,1,16,40.39
Chino Pants,Pants,Denim,2024,10,21,20.77
Sandals,Shoes,Leather,2021,9,25,45.55
Classic T-Shirt,Shirts,Cotton,2020,5,21,12.49
Formal Shirt,Shirts,Cotton,2022,10,27,18.55
Shorts,Pants,Denim,2020,1,3,67.3
Running Shoes,Shoes,Cotton,2020,11,19,69.25
Cargo Pants,Pants,Denim,2020,12,15,25.01
Slip-On Sneakers,Shoes,Leather,2020,8,22,34.87
Slip-On Sneakers,Shoes,Denim,2023,11,13,81.15
Tank Top,Shirts,Leather,2023,3,26,80.85
Polo Shirt,Shirts,Polyester,2020,2,5,55.55
Polo Shirt,Shirts,Polyester,2022,9,24,29.78
Polo Shirt,Shirts,Leather,2020,12,24,98.16
Classic T-Shirt,Shirts,Denim,2023,5,14,42.89
Cargo Pants,Pants,Leather,2020,6,23,70.31
Polo Shirt,Shirts,Leather,2020,3,19,86.93
Running Shoes,Shoes,Cotton,2021,9,9,97.25
Cargo Pants,Pants,Cotton,2023,11,15,20.74
Formal Shirt,Shirts,Polyester,2023,5,28,11.92
Classic T-Shirt,Shirts,Leather,2022,4,28,49.23
Polo Shirt,Shirts,Polyester,2020,5,28,56.64
Tank Top,Shirts,Polyester,2023,3,21,1.06
Chino Pants,Pants,Polyester,2022,4,11,56.95
Chino Pants,Pants,Leather,2021,4,28,14.24
Running Shoes,Shoes,Polyester,2021,12,12,29.7
Denim Jeans,Pants,Denim,2020,9,19,98.11
Shorts,Pants,Denim,2022,2,28,88.86
Tank Top,Shirts,Cotton,2022,12,10,94.37
Sandals,Shoes,Leather,2020,3,31,6.76
Tank Top,Shirts,Denim,2020,1,10,60.4
Running Shoes,Shoes,Leather,2024,6,29,8.0
Tank Top,Shirts,Leather,2022,5,10,36.14
Leather Boots,Shoes,Leather,2022,10,7,72.52
Chino Pants,Pants,Cotton,2021,8,20,8.58
Polo Shirt,Shirts,Leather,2024,2,28,43.55
Running Shoes,Shoes,Denim,2022,11,23,38.53
Chino Pants,Pants,Denim,2021,3,31,42.18
Leather Boots,Shoes,Denim,2020,5,1,62.29
Chino Pants,Pants,Cotton,2023,11,17,64.64
Denim Jeans,Pants,Denim,2024,2,20,36.73
Slip-On Sneakers,Shoes,Cotton,2020,2,3,88.95
Tank Top,Shirts,Cotton,2024,7,20,27.15
Cargo Pants,Pants,Cotton,2022,5,17,7.36
Denim Jeans,Pants,Polyester,2024,1,9,15.07
Chino Pants,Pants,Leather,2024,3,23,28.31
Slip-On Sneakers,Shoes,Polyester,2022,10,18,57.64
Formal Shirt,Shirts,Cotton,2022,4,7,25.7
Slip-On Sneakers,Shoes,Polyester,2023,12,20,19.19
Shorts,Pants,Cotton,2022,11,17,94.96
Cargo Pants,Pants,Cotton,2023,8,13,95.28
Running Shoes,Shoes,Polyester,2022,6,9,11.61
Shorts,Pants,Leather,2021,3,31,63.36
Tank Top,Shirts,Cotton,2022,5,18,27.49
Tank Top,Shirts,Leather,2024,4,30,8.49
Polo Shirt,Shirts,Cotton,2021,10,11,32.1
Classic T-Shirt,Shirts,Leather,2022,1,21,66.31
Classic T-Shirt,Shirts,Denim,2020,2,16,9.61
Classic T-Shirt,Shirts,Polyester,2021,9,25,57.17
Running Shoes,Shoes,Cotton,2021,7,24,52.01
Shorts,Pants,Denim,2020,1,22,29.09
Slip-On Sneakers,Shoes,Polyester,2023,7,4,42.42
Running Shoes,Shoes,Denim,2021,10,21,50.75
Shorts,Pants,Leather,2020,5,27,55.72
Leather Boots,Shoes,Leather,2020,1,28,40.19
Polo Shirt,Shirts,Leather,2023,1,26,71.07
Leather Boots,Shoes,Leather,2022,1,14,87.26
Polo Shirt,Shirts,Polyester,2020,8,26,68.98
Formal Shirt,Shirts,Polyester,2022,1,16,93.98
Tank Top,Shirts,Cotton,2023,11,30,1.8
Cargo Pants,Pants,Cotton,2020,12,16,37.01
Leather Boots,Shoes,Polyester,2023,6,17,66.09
Cargo Pants,Pants,Leather,2023,11,27,45.87
Formal Shirt,Shirts,Leather,2024,9,27,77.14
Polo Shirt,Shirts,Cotton,2022,10,15,97.56
Chino Pants,Pants,Cotton,2023,8,8,34.55
Denim Jeans,Pants,Polyester,2023,1,24,90.94
Formal Shirt,Shirts,Denim,2020,1,30,59.34
Classic T-Shirt,Shirts,Denim,2020,12,25,49.42
Shorts,Pants,Polyester,2020,10,5,3.31
Polo Shirt,Shirts,Denim,2024,1,4,33.88
Cargo Pants,Pants,Denim,2020,9,4,63.72
Leather Boots,Shoes,Leather,2024,12,7,67.67
Polo Shirt,Shirts,Polyester,2022,3,21,63.19
Classic T-Shirt,Shirts,Cotton,2021,8,7,46.88
Running Shoes,Shoes,Cotton,2024,4,16,16.47
Cargo Pants,Pants,Polyester,2022,6,27,5.74
Sandals,Shoes,Denim,2021,8,17,50.62
Formal Shirt,Shirts,Denim,2021,10,9,66.51
Running Shoes,Shoes,Polyester,2024,10,17,71.42
Denim Jeans,Pants,Leather,2020,5,16,69.06
Classic T-Shirt,Shirts,Cotton,2023,9,3,57.79
Chino Pants,Pants,Polyester,2022,11,13,62.8
Tank Top,Shirts,Leather,2024,2,27,21.73
Slip-On Sneakers,Shoes,Denim,2023,8,7,16.48
Denim Jeans,Pants,Cotton,2020,9,8,3.74
Sandals,Shoes,Polyester,2020,5,11,18.4
Polo Shirt,Shirts,Polyester,2020,11,7,97.51
Slip-On Sneakers,Shoes,Polyester,2021,5,11,27.26
Running Shoes,Shoes,Cotton,2022,5,24,11.89
Running Shoes,Shoes,Denim,2022,8,22,71.41
Denim Jeans,Pants,Leather,2022,10,5,53.99
Polo Shirt,Shirts,Leather,2020,1,16,78.64
Polo Shirt,Shirts,Leather,2023,7,28,42.54
Slip-On Sneakers,Shoes,Leather,2022,9,17,77.54
Tank Top,Shirts,Polyester,2024,5,17,11.37
Cargo Pants,Pants,Denim,2023,2,4,76.24
Running Shoes,Shoes,Polyester,2020,5,1,51.09
Cargo Pants,Pants,Leather,2022,6,30,57.32
Tank Top,Shirts,Polyester,2024,4,9,32.42
Classic T-Shirt,Shirts,Polyester,2022,10,16,98.87
Formal Shirt,Shirts,Cotton,2023,3,7,58.39
Tank Top,Shirts,Denim,2021,3,26,38.63
Cargo Pants,Pants,Leather,2020,7,18,55.54
Running Shoes,Shoes,Denim,2023,9,11,74.79
Running Shoes,Shoes,Denim,2021,2,24,67.25
Leather Boots,Shoes,Leather,2022,5,19,27.23
Shorts,Pants,Cotton,2022,1,30,7.57
Chino Pants,Pants,Denim,2020,1,22,37.64
Formal Shirt,Shirts,Cotton,2023,8,13,63.34
Slip-On Sneakers,Shoes,Denim,2020,3,18,21.81
Denim Jeans,Pants,Cotton,2020,8,7,75.52
Cargo Pants,Pants,Polyester,2021,11,20,7.59
Slip-On Sneakers,Shoes,Cotton,2021,1,4,26.77
Denim Jeans,Pants,Denim,2023,8,20,80.67
Tank Top,Shirts,Denim,2024,1,25,20.15
Polo Shirt,Shirts,Leather,2023,12,19,64.31
Slip-On Sneakers,Shoes,Cotton,2024,1,26,52.94
Denim Jeans,Pants,Leather,2024,4,30,92.56
Shorts,Pants,Cotton,2021,10,18,27.07
Shorts,Pants,Cotton,2023,6,12,7.53
Formal Shirt,Shirts,Polyester,2024,4,30,73.77
Leather Boots,Shoes,Cotton,2021,3,27,77.45
Shorts,Pants,Leather,2022,6,3,90.87
Running Shoes,Shoes,Polyester,2023,9,8,93.27
Chino Pants,Pants,Denim,2022,9,1,2.38
Formal Shirt,Shirts,Cotton,2023,8,19,24.2
Formal Shirt,Shirts,Leather,2021,1,19,62.06
Shorts,Pants,Denim,2021,2,17,94.95
Chino Pants,Pants,Leather,2020,3,4,95.07
Formal Shirt,Shirts,Cotton,2022,4,23,56.11
Leather Boots,Shoes,Polyester,2024,4,20,91.65
Running Shoes,Shoes,Cotton,2022,8,7,64.52
Leather Boots,Shoes,Cotton,2021,4,22,39.61
Classic T-Shirt,Shirts,Cotton,2021,6,29,49.11
Classic T-Shirt,Shirts,Cotton,2021,10,4,60.83
Sandals,Shoes,Leather,2024,2,1,55.41
Polo Shirt,Shirts,Polyester,2024,6,7,92.69
Formal Shirt,Shirts,Cotton,2022,12,8,91.95
Classic T-Shirt,Shirts,Leather,2023,8,5,40.09
Shorts,Pants,Cotton,2020,9,10,96.36
Sandals,Shoes,Polyester,2021,10,30,18.22
Chino Pants,Pants,Denim,2020,2,25,13.51
Cargo Pants,Pants,Leather,2021,12,23,14.37
Leather Boots,Shoes,Polyester,2023,8,4,51.06
Formal Shirt,Shirts,Cotton,2022,11,18,3.13
Sandals,Shoes,Cotton,2020,8,10,94.85
Denim Jeans,Pants,Denim,2023,9,16,82.88
Classic T-Shirt,Shirts,Polyester,2023,3,6,2.49
Leather Boots,Shoes,Polyester,2020,4,19,18.44
Tank Top,Shirts,Polyester,2024,6,23,33.87
Polo Shirt,Shirts,Cotton,2022,11,22,13.97
Denim Jeans,Pants,Leather,2024,3,24,81.14
Running Shoes,Shoes,Polyester,2024,6,8,35.13
Sandals,Shoes,Polyester,2022,8,31,94.07
Formal Shirt,Shirts,Polyester,2021,7,16,58.62
Slip-On Sneakers,Shoes,Polyester,2021,8,14,88.0
Running Shoes,Shoes,Denim,2023,4,8,84.63
Denim Jeans,Pants,Denim,2022,4,12,90.63
Formal Shirt,Shirts,Cotton,2024,7,2,46.53
Slip-On Sneakers,Shoes,Polyester,2023,5,20,55.09
Shorts,Pants,Denim,2020,1,25,80.06
Shorts,Pants,Leather,2023,2,11,29.29
Polo Shirt,Shirts,Leather,2022,9,29,49.54
Formal Shirt,Shirts,Polyester,2022,2,27,60.31
Classic T-Shirt,Shirts,Cotton,2020,2,14,2.54
Chino Pants,Pants,Polyester,2023,7,19,59.75
Formal Shirt,Shirts,Cotton,2024,8,21,43.93
Sandals,Shoes,Polyester,2021,4,20,80.93
Shorts,Pants,Leather,2022,6,29,32.21
Shorts,Pants,Leather,2024,3,3,89.4
Denim Jeans,Pants,Leather,2024,12,16,58.21
Tank Top,Shirts,Polyester,2023,6,29,19.22
Cargo Pants,Pants,Leather,2021,10,28,79.0
Formal Shirt,Shirts,Leather,2020,8,23,61.59
Sandals,Shoes,Cotton,2020,3,27,6.34
Chino Pants,Pants,Polyester,2021,1,26,42.6
Classic T-Shirt,Shirts,Cotton,2022,1,9,68.23
Running Shoes,Shoes,Denim,2022,12,13,91.94
Slip-On Sneakers,Shoes,Leather,2023,12,26,1.04
Polo Shirt,Shirts,Cotton,2022,5,28,97.7
Shorts,Pants,Leather,2021,3,20,38.28
Shorts,Pants,Leather,2024,11,14,97.4
Formal Shirt,Shirts,Denim,2020,10,17,60.87
Shorts,Pants,Cotton,2020,4,10,83.06
Sandals,Shoes,Leather,2022,1,10,57.9
Polo Shirt,Shirts,Denim,2024,12,29,63.18
Running Shoes,Shoes,Leather,2021,3,27,29.27
Classic T-Shirt,Shirts,Leather,2022,3,3,59.1
Shorts,Pants,Polyester,2024,10,13,75.25
Shorts,Pants,Leather,2020,8,17,85.97
Leather Boots,Shoes,Cotton,2024,6,18,75.75
Leather Boots,Shoes,Cotton,2020,6,15,70.11
Sandals,Shoes,Denim,2021,11,18,86.58
Running Shoes,Shoes,Polyester,2023,6,9,32.95
Classic T-Shirt,Shirts,Leather,2022,6,20,67.41
Chino Pants,Pants,Cotton,2020,3,20,45.64
Denim Jeans,Pants,Denim,2024,5,18,38.83
Classic T-Shirt,Shirts,Leather,2023,8,7,17.28
Classic T-Shirt,Shirts,Denim,2022,9,3,45.57
Chino Pants,Pants,Denim,2020,10,25,71.09
Tank Top,Shirts,Leather,2024,5,3,77.98
Slip-On Sneakers,Shoes,Denim,2021,7,2,77.93
Tank Top,Shirts,Leather,2021,6,18,50.78
Classic T-Shirt,Shirts,Cotton,2020,1,20,95.72
Shorts,Pants,Cotton,2023,1,24,33.86
Slip-On Sneakers,Shoes,Polyester,2022,12,5,48.66
Leather Boots,Shoes,Polyester,2020,1,10,75.09
Tank Top,Shirts,Leather,2020,5,29,85.93
Cargo Pants,Pants,Denim,2021,2,24,42.03
Polo Shirt,Shirts,Leather,2022,1,24,85.02
Denim Jeans,Pants,Denim,2022,7,24,45.01
Denim Jeans,Pants,Polyester,2022,9,27,71.86
Cargo Pants,Pants,Leather,2024,2,20,1.84
Shorts,Pants,Polyester,2023,9,25,3.49
Sandals,Shoes,Denim,2022,10,16,94.1
Chino Pants,Pants,Denim,2022,11,26,11.11
Denim Jeans,Pants,Denim,2020,12,24,66.53
Polo Shirt,Shirts,Denim,2020,1,20,29.04
Tank Top,Shirts,Cotton,2023,4,23,20.88
Sandals,Shoes,Denim,2021,1,27,39.45
Shorts,Pants,Polyester,2023,11,5,92.66
Chino Pants,Pants,Denim,2021,12,19,57.46
Polo Shirt,Shirts,Leather,2022,12,9,91.75
Leather Boots,Shoes,Cotton,2022,12,11,70.52
Polo Shirt,Shirts,Polyester,2020,4,25,50.62
Sandals,Shoes,Denim,2020,7,14,51.1
Cargo Pants,Pants,Denim,2023,1,8,22.66
Classic T-Shirt,Shirts,Cotton,2022,6,17,1.46
Denim Jeans,Pants,Polyester,2023,7,26,42.37
Chino Pants,Pants,Cotton,2020,9,18,56.77
Sandals,Shoes,Polyester,2023,3,3,87.78
Formal Shirt,Shirts,Leather,2021,12,23,68.08
Slip-On Sneakers,Shoes,Cotton,2020,12,23,84.39
Running Shoes,Shoes,Cotton,2023,10,5,92.69
Denim Jeans,Pants,Denim,2020,5,20,94.17
Slip-On Sneakers,Shoes,Denim,2020,8,8,81.79
Denim Jeans,Pants,Polyester,2021,1,25,14.01
Polo Shirt,Shirts,Polyester,2024,7,7,35.32
Leather Boots,Shoes,Leather,2020,2,14,21.64
Shorts,Pants,Denim,2021,6,1,86.87
Classic T-Shirt,Shirts,Leather,2022,7,1,79.44
Slip-On Sneakers,Shoes,Leather,2024,9,29,35.55
Polo Shirt,Shirts,Polyester,2022,4,10,57.34
Formal Shirt,Shirts,Leather,2021,2,14,80.71
Classic T-Shirt,Shirts,Denim,2023,9,25,83.48
Shorts,Pants,Denim,2021,9,5,21.37
Leather Boots,Shoes,Polyester,2020,6,2,73.34
Chino Pants,Pants,Cotton,2023,2,23,80.54
Classic T-Shirt,Shirts,Denim,2021,7,2,5.27
Polo Shirt,Shirts,Leather,2024,8,6,11.61
Cargo Pants,Pants,Cotton,2021,12,26,44.07
Formal Shirt,Shirts,Cotton,2020,10,1,22.87
Formal Shirt,Shirts,Polyester,2024,12,19,88.18
Formal Shirt,Shirts,Denim,2021,8,28,72.25
Polo Shirt,Shirts,Leather,2023,7,18,71.59
Sandals,Shoes,Denim,2020,3,5,77.22
Running Shoes,Shoes,Polyester,2020,3,28,33.74
Tank Top,Shirts,Polyester,2024,12,30,23.63
Running Shoes,Shoes,Polyester,2023,10,14,63.01
Polo Shirt,Shirts,Denim,2024,5,26,42.03
Slip-On Sneakers,Shoes,Cotton,2020,4,6,93.74
Classic T-Shirt,Shirts,Denim,2021,5,12,64.6
Polo Shirt,Shirts,Cotton,2023,1,11,39.3
Classic T-Shirt,Shirts,Leather,2022,9,16,85.66
Slip-On Sneakers,Shoes,Denim,2020,3,20,38.7
Formal Shirt,Shirts,Polyester,2022,7,13,18.65
Chino Pants,Pants,Polyester,2023,11,29,78.38
Cargo Pants,Pants,Leather,2022,5,8,47.75
Chino Pants,Pants,Polyester,2023,5,17,26.69
Chino Pants,Pants,Leather,2022,2,13,69.55
Chino Pants,Pants,Denim,2021,2,26,98.07
Sandals,Shoes,Denim,2023,12,3,25.38
Classic T-Shirt,Shirts,Leather,2020,9,10,79.23
Slip-On Sneakers,Shoes,Cotton,2022,6,21,76.47
Leather Boots,Shoes,Denim,2024,9,17,12.88
Denim Jeans,Pants,Leather,2022,1,23,84.05
Classic T-Shirt,Shirts,Cotton,2023,9,27,46.71
Leather Boots,Shoes,Denim,2020,4,15,13.45
Chino Pants,Pants,Polyester,2021,11,7,54.1
Formal Shirt,Shirts,Cotton,2020,8,21,30.35
Cargo Pants,Pants,Denim,2020,3,4,18.4
Leather Boots,Shoes,Denim,2023,2,2,8.84
Slip-On Sneakers,Shoes,Leather,2021,12,24,20.69
Denim Jeans,Pants,Denim,2024,3,20,43.53
Polo Shirt,Shirts,Leather,2022,2,3,64.54
Shorts,Pants,Denim,2021,9,26,9.65
Chino Pants,Pants,Denim,2024,3,11,71.86
Tank Top,Shirts,Denim,2024,11,26,11.07
Denim Jeans,Pants,Cotton,2022,9,2,18.38
Cargo Pants,Pants,Leather,2024,7,5,71.62
Polo Shirt,Shirts,Cotton,2024,3,4,88.64
Classic T-Shirt,Shirts,Denim,2020,2,9,98.33
Polo Shirt,Shirts,Polyester,2020,7,9,65.64
Sandals,Shoes,Leather,2023,1,14,48.3
Tank Top,Shirts,Leather,2024,11,28,9.69
Running Shoes,Shoes,Leather,2022,8,5,56.34
Running Shoes,Shoes,Denim,2023,8,18,18.93
